2015/1/5,5002,3207100,1185,1192,1175,1178,1178
2015/1/6,5002,4707500,1160,1183,1158,1168,1168
2015/1/7,5002,3946900,1162,1201,1162,1197,1197
2015/1/8,5002,2094300,1195,1196,1182,1183,1183
2015/1/9,5002,2811600,1188,1197,1175,1196,1196
2015/1/13,5002,5525300,1176,1178,1144,1163,1163
2015/1/14,5002,5522200,1143,1149,1113,1131,1131
2015/1/15,5002,3266200,1135,1146,1129,1143,1143
2015/1/16,5002,3229100,1126,1163,1123,1163,1163
2015/1/19,5002,2662600,1156,1169,1146,1155,1155
2015/1/20,5002,1276700,1154,1174,1153,1173,1173
2015/1/21,5002,1792600,1170,1178,1156,1163,1163
2015/1/22,5002,1991800,1161,1188,1156,1188,1188
2015/1/23,5002,1391600,1192,1192,1178,1185,1185
2015/1/26,5002,2649200,1166,1184,1149,1178,1178
2015/1/27,5002,2250500,1175,1181,1160,1173,1173
2015/1/28,5002,2330800,1160,1177,1153,1161,1161
2015/1/29,5002,2146200,1140,1165,1136,1150,1150
2015/1/30,5002,2300600,1155,1165,1147,1155,1155
2015/2/2,5002,1591600,1154,1170,1148,1154,1154
2015/2/3,5002,3900200,1167,1193,1163,1189,1189
2015/2/4,5002,2369500,1195,1196,1184,1193,1193
2015/2/5,5002,2668900,1180,1184,1162,1170,1170
2015/2/6,5002,2758800,1174,1186,1169,1172,1172
2015/2/9,5002,1366300,1174,1181,1165,1174,1174
2015/2/10,5002,2693500,1179,1183,1154,1159,1159
2015/2/12,5002,6012700,1075,1098,1055,1087,1087
2015/2/13,5002,3227500,1080,1103,1075,1102,1102
2015/2/16,5002,2309100,1118,1134,1114,1128,1128
2015/2/17,5002,2343800,1153,1165,1136,1159,1159
2015/2/18,5002,2514100,1157,1158,1138,1145,1145
2015/2/19,5002,1369700,1141,1152,1141,1151,1151
2015/2/20,5002,1088400,1140,1153,1136,1145,1145
2015/2/23,5002,2302500,1147,1147,1119,1125,1125
2015/2/24,5002,1622900,1129,1133,1119,1128,1128
2015/2/25,5002,1653500,1121,1130,1119,1123,1123
2015/2/26,5002,1566700,1126,1131,1120,1131,1131
2015/2/27,5002,2635000,1139,1148,1130,1146,1146
2015/3/2,5002,1440600,1146,1164,1140,1155,1155
2015/3/3,5002,1903400,1156,1170,1155,1169,1169
2015/3/4,5002,1617300,1169,1178,1156,1169,1169
2015/3/5,5002,1695100,1170,1188,1170,1183,1183
2015/3/6,5002,1419800,1186,1193,1180,1191,1191
2015/3/9,5002,1796100,1180,1181,1157,1160,1160
2015/3/10,5002,1808400,1169,1169,1139,1139,1139
2015/3/11,5002,1121300,1126,1143,1120,1136,1136
2015/3/12,5002,1063300,1126,1134,1120,1130,1130
2015/3/13,5002,3538400,1135,1158,1127,1144,1144
2015/3/16,5002,1328000,1132,1136,1127,1130,1130
2015/3/17,5002,1052800,1136,1142,1127,1129,1129
2015/3/18,5002,1062800,1127,1148,1127,1147,1147
2015/3/19,5002,1111200,1139,1148,1133,1138,1138
2015/3/20,5002,1177700,1142,1143,1129,1133,1133
2015/3/23,5002,1300900,1133,1136,1128,1132,1132
2015/3/24,5002,2008600,1131,1149,1130,1133,1133
2015/3/25,5002,1879900,1136,1137,1120,1128,1128
2015/3/26,5002,1846400,1128,1148,1127,1140,1140
2015/3/27,5002,1527800,1147,1151,1117,1133,1133
2015/3/30,5002,1579200,1124,1125,1096,1108,1108
2015/3/31,5002,1400600,1110,1118,1095,1098,1098
2015/4/1,5002,1977800,1102,1104,1076,1082,1082
2015/4/2,5002,1358000,1090,1100,1085,1090,1090
2015/4/3,5002,1386400,1086,1089,1075,1083,1083
2015/4/6,5002,1420400,1083,1084,1072,1075,1075
2015/4/7,5002,2141400,1078,1106,1076,1096,1096
2015/4/8,5002,1295700,1105,1114,1103,1108,1108
2015/4/9,5002,2562300,1120,1124,1093,1096,1096
2015/4/10,5002,3191800,1093,1097,1078,1081,1081
2015/4/13,5002,2447900,1075,1077,1061,1069,1069
2015/4/14,5002,1828300,1074,1101,1074,1097,1097
2015/4/15,5002,1438400,1097,1098,1088,1091,1091
2015/4/16,5002,2528600,1111,1128,1106,1114,1114
2015/4/17,5002,2208300,1124,1132,1120,1123,1123
2015/4/20,5002,2257500,1129,1135,1121,1133,1133
2015/4/21,5002,1735500,1140,1148,1133,1146,1146
2015/4/22,5002,1332100,1146,1164,1145,1147,1147
2015/4/23,5002,2019000,1160,1170,1155,1162,1162
2015/4/24,5002,1195500,1169,1169,1157,1158,1158
2015/4/27,5002,1449600,1169,1174,1159,1159,1159
2015/4/28,5002,1375000,1153,1169,1152,1168,1168
2015/4/30,5002,1811800,1167,1172,1157,1158,1158
2015/5/1,5002,1096400,1156,1164,1144,1161,1161
2015/5/7,5002,1942400,1154,1181,1153,1169,1169
2015/5/8,5002,1751700,1163,1169,1147,1164,1164
2015/5/11,5002,1760400,1179,1181,1172,1180,1180
2015/5/12,5002,1461800,1181,1187,1171,1173,1173
2015/5/13,5002,1176000,1174,1182,1172,1180,1180
2015/5/14,5002,1269400,1174,1178,1156,1163,1163
2015/5/15,5002,5176400,1155,1155,1103,1105,1105
2015/5/18,5002,2545700,1107,1119,1100,1107,1107
2015/5/19,5002,2745000,1112,1113,1101,1108,1108
2015/5/20,5002,2371700,1108,1114,1105,1111,1111
2015/5/21,5002,2007800,1124,1131,1117,1122,1122
2015/5/22,5002,1918600,1130,1144,1129,1140,1140
2015/5/25,5002,1650200,1149,1160,1145,1153,1153
2015/5/26,5002,2380200,1133,1167,1133,1163,1163
2015/5/27,5002,1696300,1159,1162,1151,1160,1160
2015/5/28,5002,1710300,1158,1165,1152,1160,1160
2015/5/29,5002,2089400,1154,1166,1153,1162,1162
2015/6/1,5002,2072800,1162,1176,1162,1172,1172
2015/6/2,5002,1634700,1175,1178,1165,1166,1166
2015/6/3,5002,1846000,1164,1172,1162,1171,1171
2015/6/4,5002,2152500,1177,1185,1165,1167,1167
2015/6/5,5002,1278900,1168,1172,1163,1172,1172
2015/6/8,5002,1214600,1177,1183,1175,1180,1180
2015/6/9,5002,1765300,1179,1185,1175,1177,1177
2015/6/10,5002,1840400,1183,1188,1173,1176,1176
2015/6/11,5002,2243100,1180,1198,1177,1193,1193
2015/6/12,5002,2427500,1191,1192,1181,1192,1192
2015/6/15,5002,1832600,1192,1199,1190,1194,1194
2015/6/16,5002,1742500,1197,1201,1191,1193,1193
2015/6/17,5002,1256200,1191,1198,1186,1187,1187
2015/6/18,5002,1464500,1186,1187,1168,1171,1171
2015/6/19,5002,1565100,1175,1177,1158,1160,1160
2015/6/22,5002,1099900,1160,1173,1156,1170,1170
2015/6/23,5002,1622300,1177,1185,1173,1185,1185
2015/6/24,5002,1766700,1190,1190,1182,1183,1183
2015/6/25,5002,1762000,1183,1187,1178,1178,1178
2015/6/26,5002,3496700,1151,1153,1116,1119,1119
2015/6/29,5002,2576200,1100,1104,1084,1088,1088
2015/6/30,5002,3014900,1086,1089,1070,1070,1070
2015/7/1,5002,1903100,1079,1087,1065,1087,1087
2015/7/2,5002,1552500,1088,1092,1075,1087,1087
2015/7/3,5002,1548400,1080,1088,1075,1078,1078
2015/7/6,5002,1670900,1065,1069,1056,1062,1062
2015/7/7,5002,1429500,1074,1084,1067,1082,1082
2015/7/8,5002,1804900,1085,1090,1062,1062,1062
2015/7/9,5002,2038600,1057,1062,1046,1062,1062
2015/7/10,5002,1853000,1069,1081,1060,1078,1078
2015/7/13,5002,1455900,1083,1094,1083,1088,1088
2015/7/14,5002,1791700,1097,1111,1092,1106,1106
2015/7/15,5002,1888000,1112,1116,1096,1099,1099
2015/7/16,5002,2015000,1096,1098,1078,1096,1096
2015/7/17,5002,781600,1095,1099,1087,1098,1098
2015/7/21,5002,1255000,1100,1103,1081,1087,1087
2015/7/22,5002,1159000,1087,1094,1078,1086,1086
2015/7/23,5002,756800,1089,1092,1076,1089,1089
2015/7/24,5002,892500,1077,1094,1077,1092,1092
2015/7/27,5002,733700,1090,1098,1081,1088,1088
2015/7/28,5002,955000,1082,1092,1078,1088,1088
2015/7/29,5002,946600,1097,1102,1084,1102,1102
2015/7/30,5002,10545400,1109,1250,1106,1170,1170
2015/7/31,5002,5917900,1158,1167,1131,1165,1165
2015/8/3,5002,2191900,1150,1164,1139,1156,1156
2015/8/4,5002,1886700,1150,1175,1145,1175,1175
2015/8/5,5002,1800400,1177,1185,1148,1162,1162
2015/8/6,5002,1618300,1150,1153,1137,1141,1141
2015/8/7,5002,1959200,1144,1172,1141,1172,1172
2015/8/10,5002,1439500,1158,1178,1156,1177,1177
2015/8/11,5002,1883100,1179,1191,1177,1188,1188
2015/8/12,5002,1202200,1177,1177,1156,1157,1157
2015/8/13,5002,1392600,1157,1184,1155,1180,1180
2015/8/14,5002,932800,1173,1174,1160,1164,1164
2015/8/17,5002,962600,1164,1166,1152,1155,1155
2015/8/18,5002,1426400,1149,1149,1128,1135,1135
2015/8/19,5002,1068000,1134,1145,1131,1132,1132
2015/8/20,5002,1161700,1129,1129,1108,1114,1114
2015/8/21,5002,1624300,1100,1112,1086,1090,1090
2015/8/24,5002,2815800,1062,1063,1003,1010,1010
2015/8/25,5002,3338500,981,994,950,968,968
2015/8/26,5002,2518400,963,1005,950,1003,1003
2015/8/27,5002,2189700,1010,1013,985,992,992
2015/8/28,5002,1738900,1020,1050,1018,1040,1040
2015/8/31,5002,1225400,1049,1052,1020,1037,1037
2015/9/1,5002,1229300,1036,1038,1005,1006,1006
2015/9/2,5002,2403100,990,993,962,962,962
2015/9/3,5002,1605000,960,973,952,963,963
2015/9/4,5002,2047900,957,963,936,948,948
2015/9/7,5002,1925800,945,966,931,957,957
2015/9/8,5002,1594900,956,968,940,950,950
2015/9/9,5002,2214600,980,1021,976,1021,1021
2015/9/10,5002,1653100,991,995,974,992,992
2015/9/11,5002,2796800,977,987,975,982,982
2015/9/14,5002,1379500,982,982,958,972,972
2015/9/15,5002,1205200,973,986,964,971,971
2015/9/16,5002,932000,973,983,962,975,975
2015/9/17,5002,769200,988,993,972,977,977
2015/9/18,5002,1068500,977,979,959,972,972
2015/9/24,5002,1004800,966,972,956,956,956
2015/9/25,5002,1410700,960,970,951,963,963
2015/9/28,5002,1692400,960,963,947,956,956
2015/9/29,5002,2037200,945,946,924,927,927
2015/9/30,5002,1808700,928,948,902,941,941
2015/10/1,5002,1411700,932,961,924,951,951
2015/10/2,5002,1295200,936,952,930,948,948
2015/10/5,5002,1477100,960,987,955,981,981
2015/10/6,5002,1184500,996,1010,992,998,998
2015/10/7,5002,1617900,998,1036,992,1031,1031
2015/10/8,5002,1269300,1021,1040,1012,1028,1028
2015/10/9,5002,2081900,1040,1057,1025,1054,1054
2015/10/13,5002,1310500,1040,1059,1031,1055,1055
2015/10/14,5002,993600,1050,1050,1031,1040,1040
2015/10/15,5002,915400,1031,1057,1026,1052,1052
2015/10/16,5002,879000,1065,1073,1059,1062,1062
2015/10/19,5002,769400,1063,1073,1050,1054,1054
2015/10/20,5002,725400,1053,1059,1037,1054,1054
2015/10/21,5002,978700,1044,1066,1042,1063,1063
2015/10/22,5002,873200,1060,1066,1052,1056,1056
2015/10/23,5002,1134200,1075,1083,1065,1067,1067
2015/10/26,5002,769100,1083,1083,1063,1069,1069
2015/10/27,5002,1035600,1069,1071,1041,1042,1042
2015/10/28,5002,861800,1040,1047,1031,1045,1045
2015/10/29,5002,1372200,1058,1064,1048,1060,1060
2015/10/30,5002,1185500,1059,1073,1051,1070,1070
2015/11/2,5002,1015100,1055,1055,1042,1043,1043
2015/11/4,5002,1652200,1069,1085,1059,1071,1071
2015/11/5,5002,1274900,1071,1084,1069,1082,1082
2015/11/6,5002,1509100,1087,1094,1074,1077,1077
2015/11/9,5002,1442900,1088,1092,1082,1092,1092
2015/11/10,5002,1387300,1085,1095,1077,1080,1080
2015/11/11,5002,1580100,1085,1091,1070,1074,1074
2015/11/12,5002,1829900,1069,1070,1032,1045,1045
2015/11/13,5002,2915200,1038,1039,1005,1031,1031
2015/11/16,5002,1985700,1016,1058,1014,1051,1051
2015/11/17,5002,1993900,1070,1089,1066,1085,1085
2015/11/18,5002,1255700,1090,1102,1081,1091,1091
2015/11/19,5002,2085100,1110,1125,1099,1106,1106
2015/11/20,5002,1209300,1108,1115,1101,1110,1110
2015/11/24,5002,1166500,1110,1117,1103,1115,1115
2015/11/25,5002,1334600,1120,1124,1110,1110,1110
2015/11/26,5002,1339000,1120,1128,1102,1103,1103
2015/11/27,5002,2005300,1101,1103,1086,1090,1090
2015/11/30,5002,2634600,1085,1097,1075,1085,1085
2015/12/1,5002,1414300,1095,1099,1085,1091,1091
2015/12/2,5002,1742100,1087,1091,1075,1077,1077
2015/12/3,5002,2027900,1077,1095,1072,1094,1094
2015/12/4,5002,1511300,1080,1092,1080,1090,1090
2015/12/7,5002,1722600,1099,1113,1095,1106,1106
2015/12/8,5002,2272200,1094,1096,1066,1072,1072
2015/12/9,5002,1456200,1070,1084,1069,1078,1078
2015/12/10,5002,1286200,1073,1082,1070,1077,1077
2015/12/11,5002,2749000,1075,1079,1054,1073,1073
2015/12/14,5002,1652400,1056,1058,1035,1057,1057
2015/12/15,5002,1157700,1048,1057,1039,1041,1041
2015/12/16,5002,1217000,1050,1076,1049,1067,1067
2015/12/17,5002,1328200,1077,1086,1071,1071,1071
2015/12/18,5002,2241200,1065,1087,1040,1040,1040
2015/12/21,5002,1062100,1033,1045,1025,1035,1035
2015/12/22,5002,764600,1033,1039,1025,1037,1037
2015/12/24,5002,1349300,1050,1064,1036,1039,1039
2015/12/25,5002,1456900,1038,1043,1013,1013,1013
2015/12/28,5002,896400,992,1011,991,1007,1007
2015/12/29,5002,2521400,1003,1012,981,988,988
2015/12/30,5002,1740500,990,998,982,988,988
2016/1/4,5002,2281200,990,1019,986,1001,1001
2016/1/5,5002,1407800,993,1010,988,1001,1001
2016/1/6,5002,1675800,996,1002,962,975,975
2016/1/7,5002,2129800,965,966,942,956,956
2016/1/8,5002,2541400,941,969,941,948,948
2016/1/12,5002,2267800,935,943,899,901,901
2016/1/13,5002,1613000,902,918,894,915,915
2016/1/14,5002,2207300,896,898,871,894,894
2016/1/15,5002,1687500,910,919,891,894,894
2016/1/18,5002,1461200,877,890,862,884,884
2016/1/19,5002,2929400,879,901,876,895,895
2016/1/20,5002,4291700,909,909,837,842,842
2016/1/21,5002,3832100,846,869,838,839,839
2016/1/22,5002,2760000,876,901,869,900,900
2016/1/25,5002,1220200,914,927,905,912,912
2016/1/26,5002,1734800,903,908,884,890,890
2016/1/27,5002,2293400,913,940,912,933,933
2016/1/28,5002,1364300,933,943,920,928,928
2016/1/29,5002,2716500,945,984,931,974,974
2016/2/1,5002,1774500,975,977,956,959,959
2016/2/2,5002,992400,946,949,930,949,949
2016/2/3,5002,3201500,923,957,904,957,957
2016/2/4,5002,1937400,965,982,952,979,979
2016/2/5,5002,1222100,964,989,962,985,985
2016/2/8,5002,1850200,950,979,937,973,973
2016/2/9,5002,1821900,952,962,935,945,945
2016/2/10,5002,1893600,935,952,896,921,921
2016/2/12,5002,3570200,891,930,891,900,900
2016/2/15,5002,1819400,922,963,918,954,954
2016/2/16,5002,2780600,937,973,915,962,962
2016/2/17,5002,1920000,948,957,903,917,917
2016/2/18,5002,2011200,959,996,946,982,982
2016/2/19,5002,1329600,957,961,931,947,947
2016/2/22,5002,842900,933,950,919,936,936
2016/2/23,5002,1517000,943,959,918,919,919
2016/2/24,5002,1314300,894,917,892,912,912
2016/2/25,5002,1133800,924,939,917,923,923
2016/2/26,5002,1146900,933,942,915,916,916
2016/2/29,5002,1650200,916,924,884,884,884
2016/3/1,5002,1656900,885,891,866,884,884
2016/3/2,5002,978100,905,914,897,909,909
2016/3/3,5002,1310400,918,929,915,929,929
2016/3/4,5002,1560800,932,978,927,969,969
2016/3/7,5002,1556300,966,967,947,954,954
2016/3/8,5002,2703500,967,976,937,956,956
2016/3/9,5002,2079400,941,946,923,938,938
2016/3/10,5002,1165200,958,962,942,953,953
2016/3/11,5002,2957600,938,971,936,963,963
2016/3/14,5002,1482200,966,974,960,964,964
2016/3/15,5002,2150900,964,982,958,968,968
2016/3/16,5002,936600,959,971,953,961,961
2016/3/17,5002,1786400,976,989,969,973,973
2016/3/18,5002,2109200,973,992,970,991,991
2016/3/22,5002,1306500,1003,1020,977,984,984
2016/3/23,5002,760400,986,994,978,989,989
2016/3/24,5002,1351300,980,988,966,971,971
2016/3/25,5002,1689900,986,1002,980,993,993
2016/3/28,5002,770700,994,999,984,997,997
2016/3/29,5002,1090300,989,1006,989,998,998
2016/3/30,5002,1018900,992,999,980,992,992
2016/3/31,5002,1545900,994,1019,994,1010,1010
2016/4/1,5002,1343300,1000,1006,965,966,966
2016/4/4,5002,1152700,967,979,959,965,965
2016/4/5,5002,1328200,959,962,926,930,930
2016/4/6,5002,891600,931,933,915,919,919
2016/4/7,5002,2004800,929,950,929,937,937
2016/4/8,5002,1572200,930,967,920,956,956
2016/4/11,5002,1095600,963,978,953,965,965
2016/4/12,5002,1209700,965,997,965,992,992
2016/4/13,5002,1082700,1006,1018,999,1013,1013
2016/4/14,5002,1918900,1023,1047,1019,1047,1047
2016/4/15,5002,1341300,1046,1050,1030,1035,1035
2016/4/18,5002,2116800,1012,1050,996,1041,1041
2016/4/19,5002,2124600,1052,1084,1051,1081,1081
2016/4/20,5002,4808200,1098,1157,1096,1124,1124
2016/4/21,5002,2999000,1135,1170,1132,1167,1167
2016/4/22,5002,1592600,1157,1173,1149,1169,1169
2016/4/25,5002,1462400,1163,1169,1143,1165,1165
2016/4/26,5002,1582700,1162,1175,1153,1175,1175
2016/4/27,5002,2222700,1176,1194,1175,1179,1179
2016/4/28,5002,2343800,1187,1202,1144,1148,1148
2016/5/2,5002,2037100,1118,1138,1108,1136,1136
2016/5/6,5002,1899800,1128,1132,1110,1130,1130
2016/5/9,5002,950300,1140,1145,1127,1142,1142
2016/5/10,5002,1765300,1130,1133,1108,1110,1110
2016/5/11,5002,2640700,1140,1144,1086,1090,1090
2016/5/12,5002,1334700,1085,1098,1078,1093,1093
2016/5/13,5002,1560300,1109,1113,1075,1077,1077
2016/5/16,5002,1244100,1072,1079,1055,1060,1060
2016/5/17,5002,1246600,1063,1085,1063,1082,1082
2016/5/18,5002,1766800,1083,1127,1082,1125,1125
2016/5/19,5002,1082000,1126,1126,1102,1107,1107
2016/5/20,5002,912300,1117,1129,1112,1126,1126
2016/5/23,5002,1090400,1115,1129,1106,1121,1121
2016/5/24,5002,1064000,1117,1123,1112,1117,1117
2016/5/25,5002,984600,1134,1145,1131,1131,1131
2016/5/26,5002,1191500,1151,1155,1139,1142,1142
2016/5/27,5002,976000,1144,1150,1136,1146,1146
2016/5/30,5002,953500,1155,1156,1126,1145,1145
2016/5/31,5002,1693300,1146,1146,1111,1124,1124
2016/6/1,5002,1082600,1115,1128,1111,1119,1119
2016/6/2,5002,1236800,1110,1119,1100,1100,1100
2016/6/3,5002,949700,1103,1119,1100,1116,1116
2016/6/6,5002,922700,1098,1117,1096,1114,1114
2016/6/7,5002,1383200,1127,1157,1126,1150,1150
2016/6/8,5002,1428300,1154,1182,1154,1181,1181
2016/6/9,5002,2561600,1182,1210,1181,1206,1206
2016/6/10,5002,2465300,1202,1207,1188,1200,1200
2016/6/13,5002,1071700,1170,1181,1152,1153,1153
2016/6/14,5002,1171200,1166,1168,1132,1143,1143
2016/6/15,5002,1089300,1138,1155,1131,1143,1143
2016/6/16,5002,1050900,1140,1147,1107,1108,1108
2016/6/17,5002,1328300,1116,1123,1102,1107,1107
2016/6/20,5002,1813500,1129,1150,1129,1145,1145
2016/6/21,5002,1261900,1131,1169,1131,1154,1154
2016/6/22,5002,1245800,1160,1162,1137,1148,1148
2016/6/23,5002,1932000,1142,1153,1131,1144,1144
2016/6/24,5002,3058900,1151,1155,1053,1063,1063
2016/6/27,5002,2193500,1077,1077,1040,1061,1061
2016/6/28,5002,7879300,1034,1068,944,954,954
2016/6/29,5002,11203000,947,1001,891,927,927
2016/6/30,5002,3432000,957,981,937,952,952
2016/7/1,5002,5074800,944,947,914,936,936
2016/7/4,5002,2491500,920,931,904,909,909
2016/7/5,5002,3131400,908,914,888,913,913
2016/7/6,5002,2388200,902,920,900,914,914
2016/7/7,5002,1972500,903,909,889,890,890
2016/7/8,5002,2716700,890,899,881,889,889
2016/7/11,5002,4541500,929,956,919,948,948
2016/7/12,5002,3516500,940,960,938,955,955
2016/7/13,5002,2280300,969,969,936,939,939
2016/7/14,5002,1995300,947,959,936,955,955
2016/7/15,5002,2873700,950,964,941,942,942
2016/7/19,5002,1787200,955,965,939,965,965
2016/7/20,5002,1351100,960,964,950,956,956
2016/7/21,5002,1198200,970,977,961,967,967
2016/7/22,5002,1282400,956,956,944,948,948
2016/7/25,5002,1119300,939,947,932,940,940
2016/7/26,5002,1744200,934,935,918,924,924
2016/7/27,5002,1450300,935,942,926,934,934
2016/7/28,5002,2925000,932,940,922,929,929
2016/7/29,5002,1967700,919,928,902,919,919
2016/8/1,5002,2013800,921,939,910,938,938
2016/8/2,5002,2561400,937,937,902,905,905
2016/8/3,5002,16617400,899,1014,875,939,939
2016/8/4,5002,6722800,924,930,861,874,874
2016/8/5,5002,2402700,879,885,869,870,870
2016/8/8,5002,2516900,877,880,859,866,866
2016/8/9,5002,1968500,871,875,858,869,869
2016/8/10,5002,1640100,863,869,852,858,858
2016/8/12,5002,1687500,859,870,853,858,858
2016/8/15,5002,1111000,860,863,854,860,860
2016/8/16,5002,1509000,870,877,865,868,868
2016/8/17,5002,1952400,862,881,861,880,880
2016/8/18,5002,1848700,885,892,872,877,877
2016/8/19,5002,1410300,887,889,873,878,878
2016/8/22,5002,872200,884,885,872,879,879
2016/8/23,5002,1163400,868,871,860,863,863
2016/8/24,5002,2116900,850,857,845,852,852
2016/8/25,5002,1685500,846,852,843,845,845
2016/8/26,5002,1550000,845,846,837,838,838
2016/8/29,5002,1694100,845,853,845,849,849
2016/8/30,5002,3213800,846,872,843,871,871
2016/8/31,5002,2221500,870,892,859,882,882
2016/9/1,5002,1332500,878,886,868,870,870
2016/9/2,5002,1626100,872,876,864,875,875
2016/9/5,5002,2022100,890,913,883,884,884
2016/9/6,5002,1227000,887,899,887,894,894
2016/9/7,5002,2793400,895,908,876,894,894
2016/9/8,5002,1209400,895,901,882,888,888
2016/9/9,5002,2065500,903,909,892,898,898
2016/9/12,5002,1042300,892,900,885,889,889
2016/9/13,5002,930900,886,899,881,896,896
2016/9/14,5002,1297600,883,888,875,875,875
2016/9/15,5002,1025800,871,877,863,875,875
2016/9/16,5002,1534500,876,893,866,892,892
2016/9/20,5002,1383600,878,893,877,887,887
2016/9/21,5002,2413800,875,896,866,895,895
2016/9/23,5002,1410600,895,914,890,903,903
2016/9/26,5002,1753700,890,904,878,878,878
2016/9/27,5002,1883200,884,908,876,908,908
2016/9/28,5002,1379900,893,907,892,900,900
2016/9/29,5002,1839700,920,933,917,929,929
2016/9/30,5002,1756000,928,937,918,935,935
2016/10/3,5002,965200,930,944,930,941,941
2016/10/4,5002,1445900,942,944,936,940,940
2016/10/5,5002,1040900,936,942,932,935,935
2016/10/6,5002,1415200,946,964,945,960,960
2016/10/7,5002,1430100,970,983,967,977,977
2016/10/11,5002,1688900,1000,1005,992,1003,1003
2016/10/12,5002,878000,993,999,977,990,990
2016/10/13,5002,4002200,985,985,938,950,950
2016/10/14,5002,3254900,946,975,941,974,974
2016/10/17,5002,1578700,972,972,951,955,955
2016/10/18,5002,640900,949,960,945,956,956
2016/10/19,5002,918900,962,967,949,957,957
2016/10/20,5002,1099600,967,971,959,965,965
2016/10/21,5002,836200,972,974,963,966,966
2016/10/24,5002,622100,969,969,962,966,966
2016/10/25,5002,682400,970,978,967,970,970
2016/10/26,5002,785400,971,972,963,966,966
2016/10/27,5002,962100,970,979,963,979,979
2016/10/28,5002,1580900,982,998,982,995,995
2016/10/31,5002,1098200,985,986,972,981,981
2016/11/1,5002,1226400,972,976,964,968,968
2016/11/2,5002,1262800,956,960,947,959,959
2016/11/4,5002,925400,958,959,945,955,955
2016/11/7,5002,1032900,960,965,948,958,958
2016/11/8,5002,621600,964,967,957,962,962
2016/11/9,5002,2326500,966,983,910,918,918
2016/11/10,5002,1472600,971,986,968,983,983
2016/11/11,5002,1746500,998,998,971,975,975
2016/11/14,5002,2463400,977,995,976,989,989
2016/11/15,5002,1179100,990,1000,989,994,994
2016/11/16,5002,1149000,1002,1014,1002,1009,1009
2016/11/17,5002,1186100,995,1006,993,1002,1002
2016/11/18,5002,1314500,1001,1014,996,1011,1011
2016/11/21,5002,1365100,1024,1034,1023,1024,1024
2016/11/22,5002,1531400,1037,1049,1037,1037,1037
2016/11/24,5002,1550300,1047,1048,1019,1020,1020
2016/11/25,5002,1111500,1024,1030,1019,1026,1026
2016/11/28,5002,965700,1012,1029,1009,1027,1027
2016/11/29,5002,1139700,1024,1032,1021,1026,1026
2016/11/30,5002,2605700,1019,1024,1016,1021,1021
2016/12/1,5002,2564100,1060,1090,1058,1088,1088
2016/12/2,5002,2089500,1100,1110,1088,1103,1103
2016/12/5,5002,1483300,1091,1099,1081,1090,1090
2016/12/6,5002,1593700,1112,1118,1093,1103,1103
2016/12/7,5002,3211500,1103,1121,1094,1121,1121
2016/12/8,5002,2041100,1122,1127,1106,1115,1115
2016/12/9,5002,3258500,1119,1167,1118,1165,1165
2016/12/12,5002,2166500,1200,1207,1151,1158,1158
2016/12/13,5002,1468600,1160,1180,1158,1176,1176
2016/12/14,5002,1811600,1157,1165,1142,1154,1154
2016/12/15,5002,2039700,1141,1146,1124,1129,1129
2016/12/16,5002,1290400,1135,1139,1128,1129,1129
2016/12/19,5002,2249100,1132,1157,1129,1147,1147
2016/12/20,5002,1968600,1145,1145,1124,1133,1133
2016/12/21,5002,1810000,1125,1134,1113,1127,1127
2016/12/22,5002,1100700,1129,1139,1125,1138,1138
2016/12/26,5002,883000,1140,1144,1126,1127,1127
2016/12/27,5002,1441100,1123,1137,1121,1125,1125
2016/12/28,5002,1063300,1106,1121,1100,1115,1115
2016/12/29,5002,1069700,1100,1104,1087,1095,1095
2016/12/30,5002,963500,1087,1096,1084,1087,1087
2017/1/4,5002,2074300,1079,1118,1076,1113,1113
2017/1/5,5002,2233100,1101,1124,1093,1123,1123
2017/1/6,5002,929500,1117,1118,1109,1115,1115
2017/1/10,5002,939500,1107,1115,1101,1109,1109
2017/1/11,5002,919100,1104,1123,1101,1120,1120
2017/1/12,5002,1687600,1128,1137,1118,1129,1129
2017/1/13,5002,1799400,1117,1143,1117,1142,1142
2017/1/16,5002,819000,1142,1145,1122,1124,1124
2017/1/17,5002,697100,1130,1131,1108,1108,1108
2017/1/18,5002,1293700,1116,1128,1107,1124,1124
2017/1/19,5002,894700,1113,1122,1107,1118,1118
2017/1/20,5002,925200,1113,1132,1113,1127,1127
2017/1/23,5002,920300,1117,1119,1107,1111,1111
2017/1/24,5002,969100,1108,1117,1101,1103,1103
2017/1/25,5002,757800,1118,1126,1113,1116,1116
2017/1/26,5002,1230500,1130,1133,1115,1122,1122
2017/1/27,5002,1656800,1130,1153,1130,1145,1145
2017/1/30,5002,1061000,1130,1135,1126,1130,1130
2017/1/31,5002,1427800,1120,1123,1102,1107,1107
2017/2/1,5002,1038300,1105,1108,1096,1106,1106
2017/2/2,5002,1140200,1102,1107,1074,1079,1079
2017/2/3,5002,1243700,1100,1111,1093,1094,1094
2017/2/6,5002,780000,1098,1106,1089,1092,1092
2017/2/7,5002,1842800,1071,1075,1051,1058,1058
2017/2/8,5002,1355700,1052,1066,1042,1063,1063
2017/2/9,5002,1174400,1061,1069,1055,1058,1058
2017/2/10,5002,1765000,1089,1108,1084,1107,1107
2017/2/13,5002,1437100,1120,1136,1114,1120,1120
2017/2/14,5002,1013800,1111,1122,1102,1108,1108
2017/2/15,5002,2643300,1123,1123,1065,1101,1101
2017/2/16,5002,1841100,1099,1118,1091,1118,1118
2017/2/17,5002,1855100,1095,1103,1074,1081,1081
2017/2/20,5002,1211000,1072,1086,1064,1084,1084
2017/2/21,5002,688500,1080,1086,1075,1086,1086
2017/2/22,5002,1128900,1094,1096,1079,1096,1096
2017/2/23,5002,2279600,1102,1141,1102,1141,1141
2017/2/24,5002,1340700,1141,1154,1129,1146,1146
2017/2/27,5002,970100,1127,1129,1107,1119,1119
2017/2/28,5002,1567300,1126,1150,1123,1132,1132
2017/3/1,5002,1483300,1144,1144,1128,1139,1139
2017/3/2,5002,982800,1151,1157,1142,1143,1143
2017/3/3,5002,1608600,1126,1131,1111,1119,1119
2017/3/6,5002,1242500,1122,1134,1112,1133,1133
2017/3/7,5002,1430400,1140,1162,1133,1144,1144
2017/3/8,5002,1686300,1145,1160,1136,1149,1149
2017/3/9,5002,1088400,1146,1152,1135,1148,1148
2017/3/10,5002,1585100,1148,1157,1139,1147,1147
2017/3/13,5002,542500,1140,1148,1138,1147,1147
2017/3/14,5002,1400400,1157,1174,1157,1164,1164
2017/3/15,5002,895100,1157,1157,1132,1133,1133
2017/3/16,5002,881600,1140,1153,1140,1148,1148
2017/3/17,5002,1737000,1140,1158,1136,1151,1151
2017/3/21,5002,1068700,1136,1146,1125,1131,1131
2017/3/22,5002,1622000,1125,1125,1112,1117,1117
2017/3/23,5002,976600,1106,1122,1103,1122,1122
2017/3/24,5002,1100100,1112,1118,1105,1109,1109
2017/3/27,5002,951100,1099,1099,1081,1082,1082
2017/3/28,5002,1500600,1094,1117,1094,1098,1098
2017/3/29,5002,946200,1114,1125,1110,1119,1119
2017/3/30,5002,1392500,1124,1143,1123,1138,1138
2017/3/31,5002,1068800,1140,1143,1126,1127,1127
2017/4/3,5002,1195900,1126,1126,1110,1118,1118
2017/4/4,5002,1029000,1116,1131,1110,1120,1120
2017/4/5,5002,1174800,1114,1122,1097,1105,1105
2017/4/6,5002,1459600,1100,1101,1086,1091,1091
2017/4/7,5002,2251100,1101,1125,1090,1111,1111
2017/4/10,5002,937900,1111,1124,1111,1120,1120
2017/4/11,5002,914200,1105,1115,1104,1113,1113
2017/4/12,5002,1218800,1103,1111,1099,1108,1108
2017/4/13,5002,1511500,1099,1104,1071,1079,1079
2017/4/14,5002,1392100,1070,1071,1051,1060,1060
2017/4/17,5002,943600,1049,1058,1043,1050,1050
2017/4/18,5002,930600,1054,1058,1045,1047,1047
2017/4/19,5002,1289300,1043,1054,1036,1053,1053
2017/4/20,5002,1028500,1035,1042,1027,1031,1031
2017/4/21,5002,1420000,1037,1046,1034,1043,1043
2017/4/24,5002,1264000,1059,1064,1042,1051,1051
2017/4/25,5002,1012700,1051,1061,1049,1055,1055
2017/4/26,5002,1116900,1065,1078,1061,1077,1077
2017/4/27,5002,1074800,1068,1077,1061,1074,1074
2017/4/28,5002,1426900,1077,1088,1070,1077,1077
2017/5/1,5002,790200,1069,1075,1063,1071,1071
2017/5/2,5002,1065200,1077,1080,1071,1075,1075
2017/5/8,5002,2024300,1098,1116,1096,1113,1113
2017/5/9,5002,6584900,1121,1178,1110,1128,1128
2017/5/10,5002,1741900,1127,1146,1123,1143,1143
2017/5/11,5002,1412400,1148,1148,1125,1129,1129
2017/5/12,5002,3219600,1130,1136,1107,1109,1109
2017/5/15,5002,1648000,1118,1122,1099,1115,1115
2017/5/16,5002,1344000,1119,1132,1118,1131,1131
2017/5/17,5002,1759600,1112,1117,1093,1102,1102
2017/5/18,5002,1683700,1085,1085,1065,1072,1072
2017/5/19,5002,2077700,1081,1089,1072,1087,1087
2017/5/22,5002,1701500,1090,1094,1068,1074,1074
2017/5/23,5002,1248000,1070,1071,1054,1056,1056
2017/5/24,5002,2059700,1065,1065,1047,1055,1055
2017/5/25,5002,1516500,1054,1062,1049,1056,1056
2017/5/26,5002,1276300,1047,1054,1045,1049,1049
2017/5/29,5002,1361600,1046,1048,1032,1033,1033
2017/5/30,5002,1256300,1030,1032,1020,1028,1028
2017/5/31,5002,2842400,1020,1022,1010,1016,1016
2017/6/1,5002,1193600,1012,1029,1011,1027,1027
2017/6/2,5002,2379600,1054,1072,1050,1067,1067
2017/6/5,5002,2227700,1060,1079,1056,1058,1058
2017/6/6,5002,1551500,1051,1058,1049,1051,1051
2017/6/7,5002,1622600,1052,1062,1049,1056,1056
2017/6/8,5002,1515300,1055,1061,1049,1058,1058
2017/6/9,5002,2766400,1055,1057,1037,1041,1041
2017/6/12,5002,1370600,1032,1061,1032,1059,1059
2017/6/13,5002,1315700,1061,1076,1061,1073,1073
2017/6/14,5002,1735400,1066,1077,1060,1074,1074
2017/6/15,5002,1615800,1073,1073,1057,1061,1061
2017/6/16,5002,2007300,1057,1061,1052,1060,1060
2017/6/19,5002,1382200,1066,1067,1055,1056,1056
2017/6/20,5002,1399900,1062,1066,1053,1053,1053
2017/6/21,5002,1578400,1052,1053,1045,1047,1047
2017/6/22,5002,1447100,1045,1046,1037,1041,1041
2017/6/23,5002,1639000,1050,1060,1050,1056,1056
2017/6/26,5002,1574100,1061,1066,1059,1062,1062
2017/6/27,5002,3065500,1063,1070,1061,1069,1069
2017/6/28,5002,2330600,1031,1048,1031,1048,1048
2017/6/29,5002,1321200,1049,1054,1043,1046,1046
2017/6/30,5002,1624300,1042,1048,1034,1042,1042
2017/7/3,5002,1484400,1047,1056,1042,1051,1051
2017/7/4,5002,10515600,1111,1136,1097,1125,1125
2017/7/5,5002,4281700,1121,1145,1118,1143,1143
2017/7/6,5002,2484200,1130,1132,1120,1125,1125
2017/7/7,5002,3244500,1115,1117,1107,1115,1115
2017/7/10,5002,1605100,1120,1120,1101,1108,1108
2017/7/11,5002,1133900,1105,1114,1103,1110,1110
2017/7/12,5002,1579000,1115,1118,1097,1103,1103
2017/7/13,5002,1623100,1104,1113,1099,1109,1109
2017/7/14,5002,1927300,1119,1127,1110,1126,1126
2017/7/18,5002,5290000,1117,1175,1117,1175,1175
2017/7/19,5002,3308300,1173,1206,1161,1205,1205
2017/7/20,5002,3128400,1209,1222,1201,1212,1212
2017/7/21,5002,2641800,1218,1234,1212,1231,1231
2017/7/24,5002,992600,1218,1229,1209,1229,1229
2017/7/25,5002,1853600,1230,1246,1227,1237,1237
2017/7/26,5002,2132700,1240,1243,1212,1226,1226
2017/7/27,5002,1419000,1220,1231,1208,1212,1212
2017/7/28,5002,1262600,1209,1218,1206,1210,1210
2017/7/31,5002,1668300,1204,1212,1199,1201,1201
2017/8/1,5002,792500,1210,1216,1200,1201,1201
2017/8/2,5002,660500,1199,1205,1192,1201,1201
2017/8/3,5002,,,,,1203,1203
2017/8/4,5002,787100,1194,1198,1187,1191,1191
2017/8/7,5002,1351300,1180,1190,1172,1183,1183
2017/8/8,5002,1704300,1173,1195,1171,1194,1194
2017/8/9,5002,2303300,1160,1170,1144,1169,1169
2017/8/10,5002,2305300,1175,1207,1170,1206,1206
2017/8/14,5002,1627000,1208,1211,1172,1174,1174
2017/8/15,5002,1460600,1176,1177,1161,1170,1170
2017/8/16,5002,1392400,1166,1195,1165,1170,1170
2017/8/17,5002,884400,1181,1189,1168,1188,1188
2017/8/18,5002,1317000,1174,1186,1171,1183,1183
2017/8/21,5002,1204400,1193,1206,1187,1199,1199
2017/8/22,5002,1010900,1205,1206,1188,1197,1197
2017/8/23,5002,1474100,1211,1230,1208,1215,1215
2017/8/24,5002,1252600,1215,1225,1208,1219,1219
2017/8/25,5002,770200,1223,1224,1214,1218,1218
2017/8/28,5002,584200,1217,1217,1205,1216,1216
2017/8/29,5002,1065000,1201,1209,1186,1207,1207
2017/8/30,5002,928400,1205,1209,1195,1207,1207
2017/8/31,5002,983300,1202,1212,1199,1205,1205
2017/9/1,5002,1067900,1216,1228,1208,1220,1220
2017/9/4,5002,1032600,1230,1243,1212,1217,1217
2017/9/5,5002,883900,1221,1230,1208,1215,1215
2017/9/6,5002,1878500,1216,1216,1192,1200,1200
2017/9/7,5002,1105000,1209,1209,1191,1199,1199
2017/9/8,5002,1927900,1191,1204,1177,1186,1186
2017/9/11,5002,956800,1191,1193,1180,1186,1186
2017/9/12,5002,1188800,1189,1201,1185,1188,1188
2017/9/13,5002,864900,1194,1199,1179,1196,1196
2017/9/14,5002,1074400,1207,1217,1203,1215,1215
2017/9/15,5002,1269600,1220,1225,1199,1199,1199
2017/9/19,5002,1109100,1201,1221,1198,1221,1221
2017/9/20,5002,904100,1246,1285,1246,1284,1284
2017/9/21,5002,2270500,1246,1285,1246,1273,1273
2017/9/22,5002,1046300,1281,1282,1265,1280,1280
2017/9/25,5002,964500,1279,1287,1275,1282,1282
2017/9/26,5002,1118300,1294,1302,1293,1295,1295
2017/9/27,5002,678900,1299,1310,1293,1303,1303
2017/9/28,5002,,,,,1303,1303
2017/9/29,5002,1274700,1297,1302,1283,1295,1295
2017/10/2,5002,1019100,1285,1290,1273,1281,1281
2017/10/3,5002,1319500,1281,1287,1263,1280,1280
2017/10/4,5002,978500,1276,1282,1268,1268,1268
2017/10/5,5002,1001300,1266,1291,1263,1289,1289
2017/10/6,5002,1260300,1295,1302,1288,1288,1288
2017/10/10,5002,1255000,1289,1293,1274,1278,1278
2017/10/11,5002,528300,1274,1285,1272,1276,1276
2017/10/12,5002,771200,1278,1280,1266,1271,1271
2017/10/13,5002,1420800,1261,1277,1256,1273,1273
2017/10/16,5002,743400,1280,1294,1277,1281,1281
2017/10/17,5002,694700,1286,1290,1275,1279,1279
2017/10/18,5002,1012200,1281,1294,1280,1293,1293
2017/10/19,5002,921600,1294,1295,1276,1276,1276
2017/10/20,5002,995800,1270,1276,1260,1270,1270
2017/10/23,5002,1037200,1287,1292,1279,1291,1291
2017/10/24,5002,724600,1290,1297,1286,1292,1292
2017/10/25,5002,,,,,1302,1302
2017/10/26,5002,1699000,1302,1343,1296,1337,1337
2017/10/27,5002,1522200,1349,1357,1344,1350,1350
2017/10/30,5002,1287900,1363,1377,1344,1347,1347
2017/10/31,5002,911700,1337,1339,1327,1332,1332
2017/11/1,5002,1456.7,1343,1363,1343,1362,1362
2017/11/2,5002,1753000,1373,1399,1366,1386,1386
2017/11/6,5002,957700,1396,1407,1393,1396,1396
2017/11/7,5002,1527100,1408,1441,1401,1440,1440
2017/11/8,5002,794800,1426,1428,1417,1428,1428
2017/11/9,5002,2378600,1430,1470,1424,1447,1447
2017/11/10,5002,2891300,1440,1486,1438,1475,1475
2017/11/13,5002,1400100,1494,1507,1478,1491,1491
2017/11/14,5002,1831900,1491,1499,1466,1478,1478
2017/11/15,5002,4220500,1478,1478,1331,1377,1377
2017/11/16,5002,3552400,1363,1376,1340,1351,1351
2017/11/17,5002,2725000,1375,1403,1372,1383,1383
2017/11/20,5002,1459,1380,1388,1357,1359,1359
2017/11/21,5002,1760.3,1364,1390,1357,1385,1385
2017/11/22,5002,,1396,1413,1388,1410,1410
2017/11/24,5002,2062.8,1436,1444,1414,1443,1443
2017/11/27,5002,1391.4,1456,1465,1422,1428,1428
2017/11/28,5002,1541300,1421,1434,1405,1409,1409
2017/11/29,5002,1658000,1405,1427,1389,1407,1407
2017/11/30,5002,2906300,1406,1438,1399,1432,1432
2017/12/1,5002,1689300,1450,1464,1440,1460,1460
2017/12/4,5002,1858400,1470,1480,1466,1469,1469
2017/12/5,5002,1167700,1450,1480,1447,1477,1477
2017/12/6,5002,2389600,1472,1478,1464,1473,1473
2017/12/7,5002,1457700,1472,1499,1466,1497,1497
2017/12/8,5002,2610200,1509,1511,1476,1505,1505
2017/12/11,5002,1224300,1523,1540,1511,1534,1534
2017/12/12,5002,2046900,1541,1571,1538,1563,1563
2017/12/13,5002,1295000,1556,1569,1546,1548,1548
2017/12/14,5002,1367000,1539,1568,1530,1555,1555
2017/12/15,5002,1538900,1544,1570,1540,1544,1544
2017/12/18,5002,1534200,1556,1561,1547,1556,1556
2017/12/19,5002,1827600,1540,1547,1516,1517,1517
2017/12/20,5002,1280000,1525,1537,1511,1527,1527
2017/12/21,5002,623300,1530,1538,1527,1530,1530
2017/12/22,5002,1169400,1540,1550,1534,1542,1542
2017/12/25,5002,536700,1540,1555,1535,1552,1552
2017/12/26,5002,925700,1551,1564,1549,1555,1555
2017/12/27,5002,1294600,1547,1573,1543,1568,1568
2017/12/28,5002,916500,1553,1556,1537,1542,1542
2017/12/29,5002,754.5,1540,1542,1530,1530,1530
2018/1/4,5002,3193600,1558,1614,1557,1613,1613
2018/1/5,5002,2057900,1619,1645,1605,1606,1606
2018/1/9,5002,1431800,1623,1625,1607,1611,1611
2018/1/10,5002,1756300,1615,1663,1615,1651,1651
2018/1/11,5002,1553100,1647,1679,1641,1674,1674
2018/1/12,5002,2424200,1680,1694,1672,1693,1693
2018/1/15,5002,1558400,1700,1713,1660,1662,1662
2018/1/16,5002,864000,1662,1680,1654,1671,1671
2018/1/17,5002,1411100,1658,1660,1622,1627,1627
2018/1/18,5002,1648700,1655,1657,1612,1621,1621
2018/1/19,5002,865900,1613,1631,1610,1629,1629
2018/1/22,5002,656200,1637,1641,1616,1630,1630
2018/1/23,5002,1281000,1646,1657,1619,1620,1620
2018/1/24,5002,836900,1619,1624,1604,1604,1604
2018/1/25,5002,881.1,1605,1626,1605,1625,1625
2018/1/26,5002,1519700,1603,1614,1558,1568,1568
2018/1/29,5002,1110600,1560,1604,1560,1602,1602
2018/1/30,5002,1084400,1584,1585,1562,1566,1566
2018/1/31,5002,1010900,1548,1576,1535,1547,1547
2018/2/1,5002,1666400,1571,1636,1566,1635,1635
2018/2/2,5002,1376900,1635,1639,1592,1624,1624
2018/2/5,5002,1170400,1575,1583,1538,1550,1550
2018/2/6,5002,2008300,1472,1491,1423,1461,1461
2018/2/7,5002,2337700,1500,1540,1497,1505,1505
2018/2/8,5002,1453000,1493,1519,1481,1512,1512
2015/1/5,7202,3453700,1465,1481.5,1442.5,1462.5,1462.5
2015/1/6,7202,3608500,1432.5,1437.5,1414,1418,1418
2015/1/7,7202,4143500,1411.5,1460,1410.5,1443.5,1443.5
2015/1/8,7202,2898400,1455,1466,1446.5,1450,1450
2015/1/9,7202,4431300,1462.5,1489,1460,1474.5,1474.5
2015/1/13,7202,4571500,1472.5,1490,1458.5,1486.5,1486.5
2015/1/14,7202,4060300,1470.5,1486.5,1450,1454,1454
2015/1/15,7202,5595100,1458.5,1475.5,1449,1466.5,1466.5
2015/1/16,7202,7104900,1445.5,1483,1424,1480.5,1480.5
2015/1/19,7202,4313400,1498,1506.5,1483.5,1498,1498
2015/1/20,7202,3601600,1504.5,1537.5,1501,1534,1534
2015/1/21,7202,4760700,1522.5,1541.5,1510.5,1540,1540
2015/1/22,7202,4808400,1535,1539,1492,1515.5,1515.5
2015/1/23,7202,5319600,1529,1534.5,1505,1519,1519
2015/1/26,7202,3956400,1490.5,1494,1468.5,1494,1494
2015/1/27,7202,2644700,1514,1522,1503,1515.5,1515.5
2015/1/28,7202,7377800,1539,1583.5,1536.5,1572,1572
2015/1/29,7202,5462600,1570,1594.5,1568.5,1586.5,1586.5
2015/1/30,7202,6300700,1600,1612.5,1567.5,1581.5,1581.5
2015/2/2,7202,2578900,1570,1590,1563,1573,1573
2015/2/3,7202,3272800,1570,1581.5,1547,1550,1550
2015/2/4,7202,2721000,1559.5,1591.5,1558.5,1580,1580
2015/2/5,7202,2794600,1580,1588.5,1563,1567,1567
2015/2/6,7202,3562000,1590,1604.5,1546.5,1557.5,1557.5
2015/2/9,7202,5429500,1600,1612,1571.5,1600,1600
2015/2/10,7202,3902300,1607.5,1609,1587.5,1600,1600
2015/2/12,7202,6104000,1614,1644,1607.5,1631.5,1631.5
2015/2/13,7202,4907200,1637.5,1663.5,1629,1655.5,1655.5
2015/2/16,7202,4257100,1664,1667.5,1630,1662,1662
2015/2/17,7202,7070800,1645.5,1646.5,1587,1602,1602
2015/2/18,7202,4768800,1625,1642.5,1615,1636.5,1636.5
2015/2/19,7202,2524700,1636.5,1640,1620,1638,1638
2015/2/20,7202,5344400,1646,1694,1643,1690.5,1690.5
2015/2/23,7202,4439800,1691,1695,1669,1682.5,1682.5
2015/2/24,7202,2793200,1665.5,1681.5,1660,1681.5,1681.5
2015/2/25,7202,3464700,1690,1700,1684,1692.5,1692.5
2015/2/26,7202,4828600,1699,1740,1698,1734.5,1734.5
2015/2/27,7202,5347000,1740,1754,1714,1737,1737
2015/3/2,7202,4837400,1763,1780,1742,1755.5,1755.5
2015/3/3,7202,6045400,1772,1804.5,1769.5,1791.5,1791.5
2015/3/4,7202,4471800,1771,1773.5,1723,1754,1754
2015/3/5,7202,3148100,1750,1774,1744.5,1771.5,1771.5
2015/3/6,7202,4244900,1761.5,1778,1738.5,1778,1778
2015/3/9,7202,3516500,1769.5,1780.5,1753,1777.5,1777.5
2015/3/10,7202,4417000,1795,1824,1779.5,1798,1798
2015/3/11,7202,3250900,1772,1789.5,1756.5,1761,1761
2015/3/12,7202,3385200,1760,1776.5,1724,1774.5,1774.5
2015/3/13,7202,4874000,1780.5,1785.5,1758,1778,1778
2015/3/16,7202,2199500,1761.5,1773,1752.5,1772,1772
2015/3/17,7202,3521100,1787,1789,1740,1745,1745
2015/3/18,7202,3205900,1738,1743.5,1721,1739.5,1739.5
2015/3/19,7202,3885800,1725.5,1732.5,1690.5,1708.5,1708.5
2015/3/20,7202,3913200,1715,1721.5,1673.5,1683,1683
2015/3/23,7202,4591600,1684,1758,1680.5,1742.5,1742.5
2015/3/24,7202,2978900,1723.5,1732,1695.5,1696.5,1696.5
2015/3/25,7202,3056200,1694,1697,1672,1682,1682
2015/3/26,7202,7210900,1651,1652,1593,1605.5,1605.5
2015/3/27,7202,5177000,1605,1621,1568.5,1596,1596
2015/3/30,7202,2926800,1589.5,1622.5,1583.5,1612.5,1612.5
2015/3/31,7202,4165700,1627.5,1633,1597.5,1597.5,1597.5
2015/4/1,7202,4947700,1575,1587.5,1560,1560,1560
2015/4/2,7202,3740300,1568,1608,1566,1591,1591
2015/4/3,7202,2214800,1587.5,1606.5,1582,1604,1604
2015/4/6,7202,2228500,1580,1593,1569,1583,1583
2015/4/7,7202,3098500,1597.5,1610.5,1577,1585.5,1585.5
2015/4/8,7202,2853400,1606.5,1607,1590.5,1597.5,1597.5
2015/4/9,7202,3363200,1595,1598.5,1578,1582,1582
2015/4/10,7202,2761000,1590.5,1597,1576.5,1579,1579
2015/4/13,7202,2393800,1574,1577,1551,1565,1565
2015/4/14,7202,3231000,1550,1556.5,1530,1555,1555
2015/4/15,7202,2407300,1550,1581.5,1547,1578,1578
2015/4/16,7202,2743700,1560,1577.5,1553,1576.5,1576.5
2015/4/17,7202,3673600,1585,1621,1584,1596,1596
2015/4/20,7202,2469100,1582,1582.5,1553.5,1566,1566
2015/4/21,7202,2367400,1578.5,1602,1571,1595,1595
2015/4/22,7202,3005800,1610,1636,1593,1612.5,1612.5
2015/4/23,7202,3761100,1644.5,1654,1632.5,1645.5,1645.5
2015/4/24,7202,2787100,1646,1664.5,1641,1645.5,1645.5
2015/4/27,7202,2189800,1660,1660,1625,1632.5,1632.5
2015/4/28,7202,2360900,1626,1638,1615,1625,1625
2015/4/30,7202,3716600,1595,1629.5,1588.5,1593.5,1593.5
2015/5/1,7202,2257300,1568.5,1592.5,1563.5,1592.5,1592.5
2015/5/7,7202,2929500,1591,1606.5,1579,1600.5,1600.5
2015/5/8,7202,2088900,1599,1620,1596.5,1615.5,1615.5
2015/5/11,7202,1632600,1647,1655.5,1628.5,1628.5,1628.5
2015/5/12,7202,2664300,1640,1646,1615,1642.5,1642.5
2015/5/13,7202,5481900,1642.5,1642.5,1566,1615,1615
2015/5/14,7202,2599600,1616.5,1649,1610,1640,1640
2015/5/15,7202,1735100,1649,1656.5,1625,1640,1640
2015/5/18,7202,2326400,1646,1679,1643,1662.5,1662.5
2015/5/19,7202,2460900,1670,1671,1650.5,1653,1653
2015/5/20,7202,2433900,1664,1668.5,1638.5,1651,1651
2015/5/21,7202,2550300,1649,1666.5,1640.5,1656,1656
2015/5/22,7202,3068100,1645,1670.5,1638,1646,1646
2015/5/25,7202,1879100,1651,1656.5,1643,1650,1650
2015/5/26,7202,1659200,1652,1661.5,1629.5,1654.5,1654.5
2015/5/27,7202,3715400,1659,1696.5,1655,1687.5,1687.5
2015/5/28,7202,2282300,1700,1704.5,1676.5,1685.5,1685.5
2015/5/29,7202,3044500,1668.5,1698.5,1655,1691.5,1691.5
2015/6/1,7202,2723200,1665.5,1675,1650,1668.5,1668.5
2015/6/2,7202,2923800,1670,1672.5,1643,1647.5,1647.5
2015/6/3,7202,2991900,1640,1657.5,1629.5,1640,1640
2015/6/4,7202,2418900,1627.5,1648,1615,1643,1643
2015/6/5,7202,2221300,1645,1657.5,1626,1642,1642
2015/6/8,7202,2241000,1633.5,1639,1614,1626.5,1626.5
2015/6/9,7202,3038600,1613,1622.5,1577,1586.5,1586.5
2015/6/10,7202,6502800,1555,1579,1535,1541,1541
2015/6/11,7202,3223700,1545,1557.5,1538,1543,1543
2015/6/12,7202,5227100,1556.5,1573,1544.5,1553,1553
2015/6/15,7202,4217800,1550.5,1586,1550,1581,1581
2015/6/16,7202,3514100,1592,1606.5,1574.5,1579.5,1579.5
2015/6/17,7202,2356600,1579,1580.5,1547.5,1555.5,1555.5
2015/6/18,7202,2660700,1555.5,1560.5,1532.5,1532.5,1532.5
2015/6/19,7202,2706800,1550,1573,1537.5,1539,1539
2015/6/22,7202,2758400,1557,1584.5,1551,1576,1576
2015/6/23,7202,2171800,1588.5,1595,1573,1590.5,1590.5
2015/6/24,7202,4283400,1609.5,1640,1608.5,1621.5,1621.5
2015/6/25,7202,4669500,1618.5,1654,1612.5,1645,1645
2015/6/26,7202,5979100,1640,1687.5,1620,1675,1675
2015/6/29,7202,3803900,1625,1640.5,1610.5,1618.5,1618.5
2015/6/30,7202,3034700,1612.5,1617,1593,1607.5,1607.5
2015/7/1,7202,3250700,1616.5,1637.5,1593,1631.5,1631.5
2015/7/2,7202,3266100,1632.5,1635,1607,1619.5,1619.5
2015/7/3,7202,2331100,1621,1643,1608.5,1638,1638
2015/7/6,7202,2759000,1598,1612.5,1587,1597,1597
2015/7/7,7202,2002500,1619,1624,1600,1602,1602
2015/7/8,7202,3812900,1595.5,1607,1555,1555,1555
2015/7/9,7202,4637800,1532,1546.5,1473.5,1544.5,1544.5
2015/7/10,7202,3252000,1558.5,1579,1553,1553.5,1553.5
2015/7/13,7202,1917600,1560,1576.5,1555.5,1563,1563
2015/7/14,7202,2816400,1599.5,1624.5,1599.5,1615,1615
2015/7/15,7202,2176200,1625.5,1630.5,1597,1606.5,1606.5
2015/7/16,7202,2619800,1611,1611.5,1582,1597.5,1597.5
2015/7/17,7202,1475100,1590.5,1602,1580,1590.5,1590.5
2015/7/21,7202,2182100,1597,1618,1592,1610,1610
2015/7/22,7202,2187500,1594.5,1597,1572,1581,1581
2015/7/23,7202,1835500,1585.5,1591.5,1562.5,1575.5,1575.5
2015/7/24,7202,1628800,1569,1589.5,1553,1574,1574
2015/7/27,7202,1691600,1568,1587.5,1562.5,1573,1573
2015/7/28,7202,4299200,1559,1609.5,1555,1597.5,1597.5
2015/7/29,7202,3193500,1611,1628.5,1585.5,1622.5,1622.5
2015/7/30,7202,6233300,1654.5,1703.5,1653,1683.5,1683.5
2015/7/31,7202,4990300,1683,1720,1662.5,1718,1718
2015/8/3,7202,3591800,1699,1718,1676.5,1713.5,1713.5
2015/8/4,7202,3827000,1699.5,1708.5,1660.5,1686,1686
2015/8/5,7202,5609400,1723,1738,1675,1723.5,1723.5
2015/8/6,7202,2770100,1742.5,1752,1720,1723.5,1723.5
2015/8/7,7202,1926500,1733.5,1734.5,1713,1725.5,1725.5
2015/8/10,7202,2200900,1713,1732.5,1690,1732.5,1732.5
2015/8/11,7202,2761500,1732,1734.5,1706,1715,1715
2015/8/12,7202,5101200,1706,1708.5,1635,1655,1655
2015/8/13,7202,2444300,1654,1658.5,1637,1650.5,1650.5
2015/8/14,7202,3191300,1652,1653,1620.5,1634.5,1634.5
2015/8/17,7202,2501500,1635,1639.5,1615,1620.5,1620.5
2015/8/18,7202,2135100,1626.5,1629.5,1596,1612.5,1612.5
2015/8/19,7202,4802400,1600,1600,1541.5,1546,1546
2015/8/20,7202,4153400,1540,1547,1507,1508,1508
2015/8/21,7202,5654100,1482,1483.5,1442.5,1446,1446
2015/8/24,7202,4768100,1395,1414.5,1351.5,1353,1353
2015/8/25,7202,6316700,1327,1403,1294.5,1319.5,1319.5
2015/8/26,7202,4980700,1329.5,1376,1311.5,1368,1368
2015/8/27,7202,3135900,1388,1401.5,1361,1362.5,1362.5
2015/8/28,7202,3504500,1414,1437.5,1401,1422.5,1422.5
2015/8/31,7202,3542800,1419,1419,1367.5,1381.5,1381.5
2015/9/1,7202,4428600,1379.5,1392.5,1318.5,1318.5,1318.5
2015/9/2,7202,3450400,1294.5,1327,1286.5,1297.5,1297.5
2015/9/3,7202,3480900,1306,1324,1287.5,1290,1290
2015/9/4,7202,3122800,1302,1313.5,1261.5,1279,1279
2015/9/7,7202,3180400,1255,1287.5,1246,1267,1267
2015/9/8,7202,1794700,1275,1301,1265.5,1267.5,1267.5
2015/9/9,7202,3872100,1313.5,1355,1302,1354.5,1354.5
2015/9/10,7202,3506500,1313,1327.5,1290,1315.5,1315.5
2015/9/11,7202,3377200,1293.5,1319,1287,1303,1303
2015/9/14,7202,2475600,1310,1310,1266.5,1276,1276
2015/9/15,7202,2897100,1277,1305.5,1260.5,1261.5,1261.5
2015/9/16,7202,3898500,1267,1304,1254.5,1293.5,1293.5
2015/9/17,7202,3467500,1302,1340,1301.5,1322,1322
2015/9/18,7202,2685200,1313.5,1333,1285.5,1294.5,1294.5
2015/9/24,7202,3607700,1255.5,1262,1233,1240,1240
2015/9/25,7202,2593900,1236,1270.5,1236,1269,1269
2015/9/28,7202,3020800,1264.5,1270,1206.5,1211,1211
2015/9/29,7202,3941600,1190,1191,1153.5,1158,1158
2015/9/30,7202,4213600,1179,1224.5,1172.5,1195,1195
2015/10/1,7202,3495800,1202,1235,1176,1214.5,1214.5
2015/10/2,7202,2335000,1203.5,1234,1197,1223.5,1223.5
2015/10/5,7202,3620600,1260,1285.5,1244.5,1259.5,1259.5
2015/10/6,7202,5448300,1316.5,1325.5,1291.5,1294.5,1294.5
2015/10/7,7202,5088600,1295.5,1353.5,1268,1344.5,1344.5
2015/10/8,7202,4259900,1335,1352,1325.5,1334.5,1334.5
2015/10/9,7202,6503800,1350,1417.5,1347,1406.5,1406.5
2015/10/13,7202,4625600,1394.5,1413.5,1369,1407,1407
2015/10/14,7202,5349400,1377,1377,1328,1342,1342
2015/10/15,7202,3106900,1327.5,1364.5,1314,1352,1352
2015/10/16,7202,3324900,1360.5,1373,1353,1361.5,1361.5
2015/10/19,7202,3304900,1348.5,1350.5,1316.5,1327,1327
2015/10/20,7202,1949000,1345.5,1350,1321.5,1330,1330
2015/10/21,7202,2423800,1323.5,1361.5,1323.5,1357.5,1357.5
2015/10/22,7202,2345800,1340.5,1373.5,1338,1359.5,1359.5
2015/10/23,7202,5030400,1400.5,1431.5,1391.5,1410,1410
2015/10/26,7202,3750600,1437.5,1451.5,1419,1422,1422
2015/10/27,7202,2954300,1427.5,1438,1405,1419,1419
2015/10/28,7202,4534900,1371,1402,1351,1401,1401
2015/10/29,7202,7412700,1406,1426.5,1403,1411.5,1411.5
2015/10/30,7202,3494200,1411,1426.5,1390,1421.5,1421.5
2015/11/2,7202,2892100,1385,1398.5,1364.5,1380.5,1380.5
2015/11/4,7202,3561100,1410.5,1435.5,1401,1417.5,1417.5
2015/11/5,7202,3657500,1438,1438.5,1417,1419,1419
2015/11/6,7202,2043100,1438,1455,1422.5,1430.5,1430.5
2015/11/9,7202,5233200,1500,1501.5,1460,1484,1484
2015/11/10,7202,2607700,1474,1484,1459,1477,1477
2015/11/11,7202,3246400,1481,1495.5,1464,1489,1489
2015/11/12,7202,2036000,1485,1491.5,1472,1488.5,1488.5
2015/11/13,7202,2573100,1463,1479,1451,1476.5,1476.5
2015/11/16,7202,2459700,1446.5,1472,1443,1454,1454
2015/11/17,7202,6719900,1452.5,1469.5,1428.5,1430,1430
2015/11/18,7202,4552400,1440,1440,1401,1405.5,1405.5
2015/11/19,7202,3491600,1419.5,1421.5,1401,1411.5,1411.5
2015/11/20,7202,4174900,1401,1403.5,1377.5,1394.5,1394.5
2015/11/24,7202,3299000,1397.5,1413.5,1394.5,1396,1396
2015/11/25,7202,3987900,1380.5,1385.5,1363,1368.5,1368.5
2015/11/26,7202,3121100,1373,1391.5,1371.5,1373.5,1373.5
2015/11/27,7202,2406500,1370.5,1389,1370.5,1372.5,1372.5
2015/11/30,7202,4010700,1376,1392.5,1375,1385,1385
2015/12/1,7202,3187500,1405.5,1425.5,1395,1410.5,1410.5
2015/12/2,7202,2546700,1408,1414,1394,1397.5,1397.5
2015/12/3,7202,2224700,1391,1401.5,1385,1396,1396
2015/12/4,7202,3408000,1372,1382,1360,1366.5,1366.5
2015/12/7,7202,2876900,1386.5,1400,1383,1384,1384
2015/12/8,7202,3818000,1385,1388.5,1341,1350,1350
2015/12/9,7202,3270900,1348,1366,1337.5,1353.5,1353.5
2015/12/10,7202,2680000,1336,1351.5,1322,1337,1337
2015/12/11,7202,3348500,1325,1356,1324.5,1343,1343
2015/12/14,7202,4057200,1314.5,1326,1287,1321,1321
2015/12/15,7202,2799400,1321.5,1326,1293.5,1294.5,1294.5
2015/12/16,7202,4286800,1319,1346.5,1313,1337,1337
2015/12/17,7202,3455300,1370.5,1380,1349,1351.5,1351.5
2015/12/18,7202,4887700,1350,1376,1325.5,1332.5,1332.5
2015/12/21,7202,3850300,1320,1329.5,1293,1320,1320
2015/12/22,7202,2173100,1326.5,1347,1318,1330,1330
2015/12/24,7202,1964800,1359,1359,1318.5,1321.5,1321.5
2015/12/25,7202,1739400,1314,1321.5,1290,1302.5,1302.5
2015/12/28,7202,2449300,1307,1340,1297,1324,1324
2015/12/29,7202,1993300,1323,1330,1302,1323.5,1323.5
2015/12/30,7202,2727100,1330,1348.5,1314,1314,1314
2016/1/4,7202,2944400,1307,1331.5,1288,1291,1291
2016/1/5,7202,4868900,1291,1303.5,1251.5,1258,1258
2016/1/6,7202,3988600,1250,1260,1220.5,1232.5,1232.5
2016/1/7,7202,6732800,1218,1225.5,1174,1178,1178
2016/1/8,7202,6619400,1157.5,1223,1157.5,1194,1194
2016/1/12,7202,3944000,1173,1193,1154.5,1155,1155
2016/1/13,7202,4980800,1180.5,1219,1173,1213,1213
2016/1/14,7202,5228600,1180,1186.5,1158,1178.5,1178.5
2016/1/15,7202,4237000,1195.5,1208.5,1167,1174,1174
2016/1/18,7202,2753300,1134.5,1167,1125,1159,1159
2016/1/19,7202,3333300,1148,1182.5,1139.5,1168.5,1168.5
2016/1/20,7202,5464800,1156.5,1168,1102.5,1105,1105
2016/1/21,7202,4433600,1105,1143.5,1079,1080,1080
2016/1/22,7202,4056700,1126,1156.5,1114.5,1152.5,1152.5
2016/1/25,7202,2915500,1171,1173,1147,1162,1162
2016/1/26,7202,2170200,1145,1145,1117.5,1118.5,1118.5
2016/1/27,7202,4249100,1156,1181,1151.5,1167,1167
2016/1/28,7202,2343700,1150.5,1169.5,1143,1150.5,1150.5
2016/1/29,7202,6481100,1161,1205.5,1138,1202,1202
2016/2/1,7202,3170100,1249,1251,1201.5,1209.5,1209.5
2016/2/2,7202,3710000,1190,1191.5,1161,1167,1167
2016/2/3,7202,4575900,1129,1133,1086.5,1096,1096
2016/2/4,7202,2886000,1077,1102.5,1066,1086.5,1086.5
2016/2/5,7202,3810900,1060,1082.5,1046.5,1080.5,1080.5
2016/2/8,7202,3152800,1050.5,1097,1044,1089,1089
2016/2/9,7202,7928800,1119,1119,1046.5,1053,1053
2016/2/10,7202,6886400,1057.5,1075,1024.5,1048.5,1048.5
2016/2/12,7202,9884700,1004,1012,971.5,974.9,974.9
2016/2/15,7202,5907100,1033.5,1102,1020.5,1089,1089
2016/2/16,7202,5888700,1076.5,1133,1069.5,1113.5,1113.5
2016/2/17,7202,5157800,1117,1140,1107.5,1123.5,1123.5
2016/2/18,7202,4889200,1159.5,1162.5,1128,1140,1140
2016/2/19,7202,4490800,1128,1146.5,1104.5,1139,1139
2016/2/22,7202,3735900,1131,1141.5,1118,1137.5,1137.5
2016/2/23,7202,3412900,1149.5,1157.5,1131.5,1137.5,1137.5
2016/2/24,7202,3509600,1123,1126.5,1095,1111.5,1111.5
2016/2/25,7202,5217500,1111,1125,1085.5,1116.5,1116.5
2016/2/26,7202,2964200,1130,1147.5,1120,1121.5,1121.5
2016/2/29,7202,4243900,1150,1165,1130,1130,1130
2016/3/1,7202,4579100,1109,1111.5,1071,1095,1095
2016/3/2,7202,6192400,1144,1195.5,1131,1179,1179
2016/3/3,7202,5470200,1156,1184.5,1156,1181.5,1181.5
2016/3/4,7202,3442500,1171.5,1184.5,1154,1179,1179
2016/3/7,7202,4816600,1179.5,1184,1151.5,1166.5,1166.5
2016/3/8,7202,3833700,1157,1163,1129,1143,1143
2016/3/9,7202,3275000,1135,1150.5,1122,1146.5,1146.5
2016/3/10,7202,3599500,1158,1173,1142.5,1165.5,1165.5
2016/3/11,7202,5013300,1164.5,1175.5,1137.5,1172.5,1172.5
2016/3/14,7202,3110200,1189.5,1212.5,1188,1199,1199
2016/3/15,7202,2292100,1194.5,1199.5,1173.5,1178,1178
2016/3/16,7202,2014300,1165,1177.5,1159,1167.5,1167.5
2016/3/17,7202,2975100,1174,1192.5,1157,1165.5,1165.5
2016/3/18,7202,4042600,1158.5,1165.5,1119.5,1134.5,1134.5
2016/3/22,7202,3080400,1164.5,1191.5,1154,1170.5,1170.5
2016/3/23,7202,3416200,1173,1194.5,1172,1183,1183
2016/3/24,7202,3529800,1182.5,1189,1161,1180,1180
2016/3/25,7202,2721900,1173,1209.5,1155,1208.5,1208.5
2016/3/28,7202,2819100,1209.5,1218.5,1192.5,1216,1216
2016/3/29,7202,2343000,1195.5,1204,1184,1192,1192
2016/3/30,7202,2909600,1192,1200.5,1166.5,1166.5,1166.5
2016/3/31,7202,3653800,1170,1184,1161.5,1162,1162
2016/4/1,7202,3874500,1156.5,1159.5,1100,1103,1103
2016/4/4,7202,2609400,1095.5,1105,1080.5,1090.5,1090.5
2016/4/5,7202,3635200,1075.5,1087.5,1049.5,1051.5,1051.5
2016/4/6,7202,2377500,1052,1073.5,1047,1053.5,1053.5
2016/4/7,7202,2721100,1047,1064,1033,1046.5,1046.5
2016/4/8,7202,4039700,1028,1082.5,1013.5,1067,1067
2016/4/11,7202,3341400,1058,1062.5,1032,1055.5,1055.5
2016/4/12,7202,2490600,1049.5,1093,1047,1084,1084
2016/4/13,7202,4321200,1108,1153.5,1104,1147,1147
2016/4/14,7202,2896500,1157.5,1183.5,1146.5,1180.5,1180.5
2016/4/15,7202,2530300,1160.5,1193,1160,1173.5,1173.5
2016/4/18,7202,4082500,1126.5,1157,1118,1143.5,1143.5
2016/4/19,7202,3028800,1187,1216.5,1178.5,1211.5,1211.5
2016/4/20,7202,3728200,1220,1226,1189.5,1193,1193
2016/4/21,7202,5172000,1224,1267,1218.5,1262,1262
2016/4/22,7202,5123300,1250,1293.5,1246,1292.5,1292.5
2016/4/25,7202,4626200,1302,1311,1285,1294,1294
2016/4/26,7202,4382900,1293.5,1297.5,1274.5,1289.5,1289.5
2016/4/27,7202,3362100,1290,1294,1259.5,1265,1265
2016/4/28,7202,6906900,1252,1273.5,1170.5,1195.5,1195.5
2016/5/2,7202,4815600,1133.5,1146.5,1116.5,1123.5,1123.5
2016/5/6,7202,3721200,1150,1161.5,1115,1122,1122
2016/5/9,7202,2961800,1123,1135.5,1108.5,1123,1123
2016/5/10,7202,4921200,1133.5,1168.5,1131,1162,1162
2016/5/11,7202,4604900,1197,1207,1163,1170.5,1170.5
2016/5/12,7202,7721300,1230.5,1245,1186.5,1236.5,1236.5
2016/5/13,7202,5782000,1237.5,1239,1185.5,1187,1187
2016/5/16,7202,4981000,1184.5,1205,1176.5,1204,1204
2016/5/17,7202,3424300,1204,1217,1191.5,1211,1211
2016/5/18,7202,3861700,1209,1210.5,1174,1189.5,1189.5
2016/5/19,7202,2910400,1202,1206.5,1178,1188.5,1188.5
2016/5/20,7202,4439200,1181.5,1214.5,1169,1209,1209
2016/5/23,7202,2431600,1204,1213,1181.5,1210,1210
2016/5/24,7202,5867300,1240,1260,1233,1243.5,1243.5
2016/5/25,7202,5122300,1263,1280,1252.5,1254,1254
2016/5/26,7202,3181200,1278,1288.5,1262.5,1263,1263
2016/5/27,7202,3505000,1278.5,1287.5,1263.5,1275.5,1275.5
2016/5/30,7202,3854100,1295,1301,1283,1293.5,1293.5
2016/5/31,7202,5373200,1294.5,1338.5,1294,1336,1336
2016/6/1,7202,4169300,1324.5,1329,1298,1305,1305
2016/6/2,7202,4093300,1290,1294.5,1271.5,1274,1274
2016/6/3,7202,2704200,1279,1302,1276,1284.5,1284.5
2016/6/6,7202,3759300,1245.5,1293.5,1241.5,1290,1290
2016/6/7,7202,4005900,1295.5,1297,1272,1276,1276
2016/6/8,7202,4507300,1287.5,1310,1280.5,1304.5,1304.5
2016/6/9,7202,4727800,1308,1325.5,1299.5,1308.5,1308.5
2016/6/10,7202,3948900,1292.5,1307.5,1287,1301.5,1301.5
2016/6/13,7202,4129900,1285,1293,1271.5,1275,1275
2016/6/14,7202,3442600,1267.5,1277.5,1247.5,1260.5,1260.5
2016/6/15,7202,4402800,1272,1307.5,1258,1294.5,1294.5
2016/6/16,7202,5099300,1279.5,1280.5,1228,1234.5,1234.5
2016/6/17,7202,4239300,1256.5,1273,1244,1249.5,1249.5
2016/6/20,7202,4002000,1272,1307.5,1263.5,1293.5,1293.5
2016/6/21,7202,4490900,1272,1323.5,1263.5,1319.5,1319.5
2016/6/22,7202,4786200,1316.5,1349,1310.5,1333,1333
2016/6/23,7202,4688500,1339,1367.5,1325.5,1362,1362
2016/6/24,7202,7394100,1373,1379,1232.5,1251,1251
2016/6/27,7202,6121600,1256,1259,1200,1218.5,1218.5
2016/6/28,7202,5077400,1192,1219,1176,1204,1204
2016/6/29,7202,5101600,1234,1242,1194,1232,1232
2016/6/30,7202,5663800,1250,1274,1236.5,1248.5,1248.5
2016/7/1,7202,4864600,1253,1293.5,1249.5,1274,1274
2016/7/4,7202,4513700,1261.5,1305.5,1256.5,1301,1301
2016/7/5,7202,3820600,1329.5,1332,1298,1322.5,1322.5
2016/7/6,7202,4574300,1285,1294,1254,1273,1273
2016/7/7,7202,3515400,1260.5,1279.5,1244.5,1249.5,1249.5
2016/7/8,7202,4011100,1257,1273,1230,1232,1232
2016/7/11,7202,2928200,1266,1305.5,1263,1292.5,1292.5
2016/7/12,7202,8032100,1320,1357.5,1284.5,1289.5,1289.5
2016/7/13,7202,4673000,1345,1345,1312.5,1316.5,1316.5
2016/7/14,7202,6073300,1304,1313,1261,1310,1310
2016/7/15,7202,5610700,1322,1336.5,1295.5,1308.5,1308.5
2016/7/19,7202,3939900,1319,1331,1293.5,1327.5,1327.5
2016/7/20,7202,3098900,1324,1344,1317.5,1336.5,1336.5
2016/7/21,7202,3046900,1355,1362.5,1339,1352,1352
2016/7/22,7202,3187700,1324,1345,1306,1326,1326
2016/7/25,7202,2972400,1331.5,1362,1329.5,1333,1333
2016/7/26,7202,3030200,1323,1328.5,1294.5,1306,1306
2016/7/27,7202,3279900,1329,1361,1324,1340.5,1340.5
2016/7/28,7202,2368500,1333.5,1358.5,1328.5,1344,1344
2016/7/29,7202,6472600,1319.5,1350,1288.5,1349,1349
2016/8/1,7202,2539700,1311.5,1343,1297.5,1328,1328
2016/8/2,7202,2910800,1300,1308.5,1284.5,1284.5,1284.5
2016/8/3,7202,6069300,1233.5,1315,1225,1281.5,1281.5
2016/8/4,7202,3854700,1285,1304,1262.5,1293,1293
2016/8/5,7202,6485600,1206,1251,1206,1211.5,1211.5
2016/8/8,7202,3688100,1212.5,1248.5,1212.5,1243.5,1243.5
2016/8/9,7202,2898400,1239,1249.5,1231,1248.5,1248.5
2016/8/10,7202,2277500,1262,1269,1237,1238.5,1238.5
2016/8/12,7202,1622800,1244.5,1258,1239,1256,1256
2016/8/15,7202,1670300,1254.5,1258.5,1233,1236,1236
2016/8/16,7202,2259700,1240,1244,1210.5,1210.5,1210.5
2016/8/17,7202,1770200,1208,1236,1203,1235,1235
2016/8/18,7202,2051300,1224.5,1247,1222.5,1222.5,1222.5
2016/8/19,7202,2563000,1231.5,1245.5,1224.5,1233.5,1233.5
2016/8/22,7202,2104500,1230,1235.5,1215.5,1225.5,1225.5
2016/8/23,7202,2198500,1215.5,1216,1194,1195.5,1195.5
2016/8/24,7202,2129200,1214,1234,1214,1223.5,1223.5
2016/8/25,7202,2485100,1221,1227.5,1198,1201,1201
2016/8/26,7202,2345000,1201,1204.5,1180.5,1190,1190
2016/8/29,7202,2768100,1220,1222.5,1208,1213,1213
2016/8/30,7202,1907500,1207.5,1221.5,1205,1210,1210
2016/8/31,7202,4416000,1222.5,1223,1189,1190.5,1190.5
2016/9/1,7202,3936700,1191.5,1203,1181.5,1188.5,1188.5
2016/9/2,7202,4120900,1188,1211.5,1179,1209.5,1209.5
2016/9/5,7202,2185600,1224,1228.5,1213.5,1215,1215
2016/9/6,7202,2389600,1211,1238,1209,1233,1233
2016/9/7,7202,2312600,1209.5,1219.5,1202.5,1218,1218
2016/9/8,7202,7614200,1233.5,1289,1225,1285.5,1285.5
2016/9/9,7202,3855200,1311.5,1316.5,1281.5,1291,1291
2016/9/12,7202,3861100,1277,1293.5,1267,1280.5,1280.5
2016/9/13,7202,2364800,1286,1295,1271.5,1286,1286
2016/9/14,7202,2479900,1273,1276.5,1263.5,1270,1270
2016/9/15,7202,6601100,1258.5,1259,1188,1201.5,1201.5
2016/9/16,7202,3489600,1203,1230.5,1202,1226.5,1226.5
2016/9/20,7202,3153000,1204,1232.5,1200.5,1224,1224
2016/9/21,7202,3230800,1219.5,1258,1206.5,1256.5,1256.5
2016/9/23,7202,1861400,1250.5,1257,1233,1249.5,1249.5
2016/9/26,7202,2193100,1247.5,1253.5,1212.5,1216.5,1216.5
2016/9/27,7202,2358000,1188.5,1222,1180,1222,1222
2016/9/28,7202,2379300,1178.5,1193.5,1174,1182,1182
2016/9/29,7202,2423500,1191,1213.5,1190.5,1205,1205
2016/9/30,7202,2804100,1170,1184,1166.5,1179.5,1179.5
2016/10/3,7202,2234600,1194.5,1204.5,1185,1193.5,1193.5
2016/10/4,7202,2859700,1204.5,1206.5,1184,1189,1189
2016/10/5,7202,3214800,1196,1226.5,1194,1216.5,1216.5
2016/10/6,7202,2954400,1234,1255,1226.5,1229,1229
2016/10/7,7202,2275100,1233.5,1253.5,1229,1253.5,1253.5
2016/10/11,7202,4144000,1237,1251.5,1220,1221,1221
2016/10/12,7202,2292000,1208,1230.5,1203.5,1209,1209
2016/10/13,7202,4497200,1229.5,1234,1179,1184,1184
2016/10/14,7202,6109300,1170.5,1184,1150,1181,1181
2016/10/17,7202,2580700,1174,1199.5,1173,1189,1189
2016/10/18,7202,2649200,1185,1209.5,1179,1207.5,1207.5
2016/10/19,7202,2260900,1204,1213,1195.5,1206.5,1206.5
2016/10/20,7202,2815500,1213,1233.5,1205.5,1233,1233
2016/10/21,7202,2359300,1241,1255,1236,1240.5,1240.5
2016/10/24,7202,2470200,1247.5,1260,1245.5,1254.5,1254.5
2016/10/25,7202,2675900,1263.5,1284.5,1260.5,1279,1279
2016/10/26,7202,2466500,1278.5,1288,1266,1276.5,1276.5
2016/10/27,7202,2004700,1280.5,1286,1272,1277,1277
2016/10/28,7202,3295700,1300,1306.5,1269.5,1286,1286
2016/10/31,7202,2758000,1273,1299.5,1267.5,1299.5,1299.5
2016/11/1,7202,1905000,1292.5,1299.5,1285,1299.5,1299.5
2016/11/2,7202,1865100,1281,1288,1268.5,1279,1279
2016/11/4,7202,4591500,1231,1252.5,1231,1250,1250
2016/11/7,7202,4859400,1275,1276.5,1234,1256.5,1256.5
2016/11/8,7202,5276400,1215,1271.5,1213.5,1265.5,1265.5
2016/11/9,7202,8628600,1284.5,1299,1157.5,1171.5,1171.5
2016/11/10,7202,5662500,1291,1293.5,1251,1269.5,1269.5
2016/11/11,7202,5733100,1295,1331,1274.5,1282,1282
2016/11/14,7202,3326300,1295,1341.5,1286.5,1325.5,1325.5
2016/11/15,7202,2724000,1315.5,1329.5,1298.5,1311,1311
2016/11/16,7202,2933800,1325,1337.5,1321,1329,1329
2016/11/17,7202,3967100,1311,1312,1285.5,1298.5,1298.5
2016/11/18,7202,5105500,1311.5,1318,1279.5,1283.5,1283.5
2016/11/21,7202,5579300,1279,1285,1254.5,1260.5,1260.5
2016/11/22,7202,4487200,1255,1269,1240.5,1266,1266
2016/11/24,7202,4645100,1295,1319,1283,1299,1299
2016/11/25,7202,4905100,1299,1355,1299,1339,1339
2016/11/28,7202,2810700,1324,1343,1320,1335,1335
2016/11/29,7202,2808700,1334.5,1342.5,1323,1329,1329
2016/11/30,7202,3538400,1337,1360,1332.5,1349,1349
2016/12/1,7202,5205300,1380,1412,1376,1384,1384
2016/12/2,7202,3431700,1375.5,1385.5,1359.5,1370,1370
2016/12/5,7202,4955000,1360.5,1401.5,1360.5,1393,1393
2016/12/6,7202,6543300,1419.5,1446.5,1415,1442.5,1442.5
2016/12/7,7202,3422700,1449.5,1478.5,1440.5,1463,1463
2016/12/8,7202,3878900,1478.5,1492.5,1467.5,1483.5,1483.5
2016/12/9,7202,4951500,1498.5,1503,1472,1493.5,1493.5
2016/12/12,7202,3182600,1513,1545,1491.5,1505.5,1505.5
2016/12/13,7202,3174600,1477.5,1502.5,1471,1502,1502
2016/12/14,7202,2611400,1509,1514.5,1489.5,1505,1505
2016/12/15,7202,3033900,1525,1546.5,1497,1503,1503
2016/12/16,7202,3845300,1518,1534,1510.5,1520.5,1520.5
2016/12/19,7202,2573700,1511,1518.5,1503,1516.5,1516.5
2016/12/20,7202,3001600,1516.5,1519,1499.5,1514,1514
2016/12/21,7202,2709400,1520,1527.5,1506,1512.5,1512.5
2016/12/22,7202,2562900,1521.5,1527.5,1497,1517.5,1517.5
2016/12/26,7202,2108000,1514,1514.5,1490,1494,1494
2016/12/27,7202,2618000,1489,1509,1485,1508,1508
2016/12/28,7202,1821300,1508,1524,1504,1520.5,1520.5
2016/12/29,7202,2080600,1500,1503.5,1481,1490.5,1490.5
2016/12/30,7202,2266400,1480,1489,1469.5,1481,1481
2017/1/4,7202,3528700,1514.5,1543.5,1511,1542.5,1542.5
2017/1/5,7202,3792000,1550.5,1553.5,1521,1532,1532
2017/1/6,7202,4029400,1507,1543.5,1506,1540,1540
2017/1/10,7202,3499200,1527,1537.5,1507,1507.5,1507.5
2017/1/11,7202,1887200,1517,1526,1499.5,1511,1511
2017/1/12,7202,1642500,1511.5,1516,1497,1503,1503
2017/1/13,7202,2223500,1503,1529,1501.5,1520.5,1520.5
2017/1/16,7202,1426900,1522,1529.5,1503,1513,1513
2017/1/17,7202,1645600,1517.5,1518.5,1497,1500.5,1500.5
2017/1/18,7202,2485300,1496,1536,1484,1532,1532
2017/1/19,7202,3372800,1550,1562.5,1530.5,1556,1556
2017/1/20,7202,3032100,1559,1590.5,1559,1582,1582
2017/1/23,7202,2384000,1552,1559.5,1539,1546,1546
2017/1/24,7202,2026300,1543.5,1547,1522,1532,1532
2017/1/25,7202,2441700,1561.5,1571,1541.5,1549.5,1549.5
2017/1/26,7202,2051400,1564.5,1567,1545,1565,1565
2017/1/27,7202,1861200,1559,1566.5,1550,1557.5,1557.5
2017/1/30,7202,1694800,1543.5,1546.5,1533,1544.5,1544.5
2017/1/31,7202,2397800,1513.5,1533,1509,1522,1522
2017/2/1,7202,2774200,1501.5,1545,1489,1541,1541
2017/2/2,7202,4131500,1533,1535,1499.5,1503.5,1503.5
2017/2/3,7202,3728100,1484.5,1504.5,1475,1483,1483
2017/2/6,7202,3079300,1494.5,1510,1479,1484.5,1484.5
2017/2/7,7202,3811900,1466,1474,1452,1466,1466
2017/2/8,7202,2194800,1468.5,1493.5,1461,1492,1492
2017/2/9,7202,3575700,1448.5,1492,1436,1488,1488
2017/2/10,7202,2519600,1522.5,1543,1518,1538,1538
2017/2/13,7202,2291600,1553.5,1557,1531,1535,1535
2017/2/14,7202,1769900,1545.5,1559,1530,1530.5,1530.5
2017/2/15,7202,2436200,1545,1568,1537,1560,1560
2017/2/16,7202,1788200,1561.5,1565,1544.5,1560.5,1560.5
2017/2/17,7202,1278900,1548,1554,1537.5,1544,1544
2017/2/20,7202,1279800,1542,1546.5,1525,1540.5,1540.5
2017/2/21,7202,1116300,1544.5,1552.5,1536,1547,1547
2017/2/22,7202,1686800,1547.5,1559.5,1545.5,1558,1558
2017/2/23,7202,1305100,1558,1559,1536.5,1550,1550
2017/2/24,7202,1891100,1542,1555.5,1532,1544,1544
2017/2/27,7202,4138000,1521,1523,1486.5,1490,1490
2017/2/28,7202,3818800,1510.5,1539,1503,1503.5,1503.5
2017/3/1,7202,2941900,1517,1549.5,1510.5,1541.5,1541.5
2017/3/2,7202,3439000,1585,1599.5,1581.5,1584,1584
2017/3/3,7202,4249000,1601,1629,1596.5,1598.5,1598.5
2017/3/6,7202,4099300,1610.5,1644,1602.5,1629,1629
2017/3/7,7202,2384300,1625,1625,1607.5,1609,1609
2017/3/8,7202,2181000,1602.5,1603.5,1577,1595.5,1595.5
2017/3/9,7202,3088300,1602.5,1604,1579,1589,1589
2017/3/10,7202,3812000,1588.5,1606.5,1588.5,1601.5,1601.5
2017/3/13,7202,2523800,1589.5,1597,1582,1585.5,1585.5
2017/3/14,7202,3094400,1575,1583,1564,1570,1570
2017/3/15,7202,1982600,1569.5,1583.5,1565.5,1570.5,1570.5
2017/3/16,7202,2160400,1559.5,1586.5,1557.5,1584.5,1584.5
2017/3/17,7202,3503700,1577,1607.5,1571,1592.5,1592.5
2017/3/21,7202,2972800,1586,1597,1569,1573.5,1573.5
2017/3/22,7202,2626500,1530,1542.5,1522.5,1523.5,1523.5
2017/3/23,7202,2070000,1523,1524,1510,1519,1519
2017/3/24,7202,2150100,1514.5,1528,1506.5,1523.5,1523.5
2017/3/27,7202,1949800,1503.5,1513,1495.5,1496.5,1496.5
2017/3/28,7202,2403400,1512,1520.5,1507,1514.5,1514.5
2017/3/29,7202,2250800,1527.5,1536.5,1513,1524,1524
2017/3/30,7202,2061700,1511,1525,1504.5,1506.5,1506.5
2017/3/31,7202,2809000,1515,1521,1472.5,1472.5,1472.5
2017/4/3,7202,2221100,1477,1488.5,1460.5,1469,1469
2017/4/4,7202,3010500,1466.5,1476.5,1447.5,1461.5,1461.5
2017/4/5,7202,2215500,1474,1477.5,1443,1456,1456
2017/4/6,7202,2435200,1445.5,1450,1419.5,1421.5,1421.5
2017/4/7,7202,2372500,1439.5,1448,1423,1433,1433
2017/4/10,7202,1992900,1446,1453.5,1439,1444.5,1444.5
2017/4/11,7202,2513300,1430,1439,1415.5,1426.5,1426.5
2017/4/12,7202,3612400,1406.5,1407,1383,1392,1392
2017/4/13,7202,3491600,1372,1391,1362,1387,1387
2017/4/14,7202,3202000,1384,1384,1363.5,1370.5,1370.5
2017/4/17,7202,3511900,1351,1366,1339,1358,1358
2017/4/18,7202,2392600,1361.5,1380.5,1356.5,1362.5,1362.5
2017/4/19,7202,2449100,1347,1369.5,1345.5,1359,1359
2017/4/20,7202,2331400,1368.5,1393.5,1366.5,1370,1370
2017/4/21,7202,3223900,1390,1411.5,1385.5,1404.5,1404.5
2017/4/24,7202,2009400,1434.5,1444,1414.5,1414.5,1414.5
2017/4/25,7202,2393100,1422,1449,1416,1444,1444
2017/4/26,7202,4653800,1458,1495.5,1458,1492,1492
2017/4/27,7202,3615900,1480.5,1500.5,1473,1495,1495
2017/4/28,7202,5105400,1518,1528,1494,1512,1512
2017/5/1,7202,2854600,1507.5,1530,1498.5,1523.5,1523.5
2017/5/2,7202,3294500,1551,1554,1536,1545,1545
2017/5/8,7202,7281800,1505,1566.5,1505,1556,1556
2017/5/9,7202,3777000,1553.5,1559,1530,1532.5,1532.5
2017/5/10,7202,2706100,1534.5,1551,1534,1548.5,1548.5
2017/5/11,7202,1981500,1544.5,1560,1536.5,1560,1560
2017/5/12,7202,2470100,1560,1570,1536.5,1554,1554
2017/5/15,7202,7731700,1450,1473.5,1413,1428.5,1428.5
2017/5/16,7202,6838400,1406,1423.5,1400.5,1411.5,1411.5
2017/5/17,7202,5982100,1393,1397.5,1377.5,1382,1382
2017/5/18,7202,4258600,1358,1376.5,1352,1371.5,1371.5
2017/5/19,7202,4733300,1376,1394,1364.5,1389.5,1389.5
2017/5/22,7202,3135200,1389.5,1405,1386.5,1398.5,1398.5
2017/5/23,7202,2525400,1393.5,1405.5,1389.5,1392,1392
2017/5/24,7202,3443700,1405,1406.5,1378,1382.5,1382.5
2017/5/25,7202,2593500,1392,1392.5,1374,1374.5,1374.5
2017/5/26,7202,3383200,1371,1376.5,1365,1368,1368
2017/5/29,7202,2077200,1366.5,1376,1360.5,1362.5,1362.5
2017/5/30,7202,2517000,1360,1360,1341,1353.5,1353.5
2017/5/31,7202,5189600,1343.5,1358,1341,1353,1353
2017/6/1,7202,2859600,1336,1368.5,1331.5,1362.5,1362.5
2017/6/2,7202,4039100,1367.5,1394,1362.5,1392,1392
2017/6/5,7202,3681700,1380.5,1398,1374,1377.5,1377.5
2017/6/6,7202,4112300,1365,1367.5,1333,1335,1335
2017/6/7,7202,2823500,1336.5,1364.5,1333.5,1355.5,1355.5
2017/6/8,7202,1933800,1358.5,1362,1336,1338,1338
2017/6/9,7202,2348100,1338,1345.5,1329,1337.5,1337.5
2017/6/12,7202,,,,,1335.5,1335.5
2017/6/13,7202,3099400,1339,1359.5,1332.5,1349,1349
2017/6/14,7202,2124100,1362,1371.5,1353,1353,1353
2017/6/15,7202,1815200,1346.5,1358.5,1335.5,1340.5,1340.5
2017/6/16,7202,2265000,1355,1362.5,1345.5,1352,1352
2017/6/19,7202,1691100,1351.5,1363.5,1348.5,1359.5,1359.5
2017/6/20,7202,2903800,1370,1378,1354,1355,1355
2017/6/21,7202,2111800,1339,1351.5,1333,1345.5,1345.5
2017/6/22,7202,2786600,1345,1348.5,1336,1338.5,1338.5
2017/6/23,7202,1763100,1343,1356,1342.5,1351,1351
2017/6/26,7202,1512500,1352.5,1355,1346.5,1350.5,1350.5
2017/6/27,7202,1757400,1356.5,1371,1355.5,1359.5,1359.5
2017/6/28,7202,2278000,1359,1384,1359,1379,1379
2017/6/29,7202,2287700,1394,1396,1384,1388.5,1388.5
2017/6/30,7202,2309000,1382.5,1393,1377,1386,1386
2017/7/3,7202,1658200,1392,1394.5,1381,1384.5,1384.5
2017/7/4,7202,2494600,1402.5,1414.5,1398,1404,1404
2017/7/5,7202,2429900,1413,1421,1399.5,1416,1416
2017/7/6,7202,2926300,1409,1414.5,1398.5,1412,1412
2017/7/7,7202,2294300,1400.5,1417.5,1394.5,1413.5,1413.5
2017/7/10,7202,2059800,1424,1427.5,1404.5,1411.5,1411.5
2017/7/11,7202,1939000,1401,1421,1400,1417,1417
2017/7/12,7202,1894400,1412.5,1425,1403.5,1423,1423
2017/7/13,7202,2394400,1429.5,1437,1422,1429,1429
2017/7/14,7202,2100800,1437.5,1442.5,1434.5,1437.5,1437.5
2017/7/18,7202,2321900,1427.5,1428,1412.5,1423,1423
2017/7/19,7202,1651300,1423.5,1426.5,1408.5,1418,1418
2017/7/20,7202,2313000,1424.5,1441,1424.5,1437,1437
2017/7/21,7202,1561000,1429.5,1434.5,1421.5,1425,1425
2017/7/24,7202,1782800,1418,1423,1409,1419.5,1419.5
2017/7/25,7202,1362600,1415.5,1418.5,1411,1415,1415
2017/7/26,7202,2551400,1432.5,1438.5,1427.5,1431,1431
2017/7/27,7202,2905200,1440,1449.5,1436,1445,1445
2017/7/28,7202,1910100,1438,1443,1421.5,1430.5,1430.5
2017/7/31,7202,7871100,1520.5,1529,1501,1516,1516
2017/8/1,7202,2578600,1511.5,1524,1495,1520.5,1520.5
2017/8/2,7202,2413600,1520,1524,1500.5,1502.5,1502.5
2017/8/3,7202,,,,,1493,1493
2017/8/4,7202,1943800,1487.5,1497.5,1478,1488.5,1488.5
2017/8/7,7202,2317600,1515,1519.5,1498,1501.5,1501.5
2017/8/8,7202,3017200,1491,1497,1473,1475.5,1475.5
2017/8/9,7202,2332700,1474,1482,1458,1467,1467
2017/8/10,7202,2845400,1464,1464.5,1442.5,1459,1459
2017/8/14,7202,3279900,1445,1445,1425,1426.5,1426.5
2017/8/15,7202,3141400,1431,1442.5,1426,1428.5,1428.5
2017/8/16,7202,2639500,1426,1440,1421.5,1430,1430
2017/8/17,7202,3220600,1425,1430.5,1410.5,1424.5,1424.5
2017/8/18,7202,4501800,1409,1411,1398.5,1400,1400
2017/8/21,7202,3030200,1402,1403.5,1383.5,1389,1389
2017/8/22,7202,2400200,1390,1414,1390,1412,1412
2017/8/23,7202,2724200,1437,1446.5,1416.5,1422.5,1422.5
2017/8/24,7202,1845800,1415,1416.5,1393.5,1393.5,1393.5
2017/8/25,7202,1682900,1396,1421.5,1395.5,1411,1411
2017/8/28,7202,2013400,1417,1424,1403,1418.5,1418.5
2017/8/29,7202,1352400,1413.5,1423,1412,1416.5,1416.5
2017/8/30,7202,2080800,1424.5,1445.5,1423.5,1430,1430
2017/8/31,7202,2241100,1448.5,1462.5,1437,1438,1438
2017/9/1,7202,1601500,1438.5,1441.5,1427.5,1437,1437
2017/9/4,7202,1713500,1437,1451,1428,1435,1435
2017/9/5,7202,2177500,1435,1435,1414.5,1419,1419
2017/9/6,7202,2284900,1406,1424,1398.5,1422,1422
2017/9/7,7202,1971700,1422,1445.5,1415,1433,1433
2017/9/8,7202,2697700,1428.5,1447.5,1426.5,1428.5,1428.5
2017/9/11,7202,1249200,1446,1454,1438,1439,1439
2017/9/12,7202,1554400,1459,1472,1452,1467,1467
2017/9/13,7202,1377100,1480.5,1489.5,1467,1469,1469
2017/9/14,7202,1722100,1472,1473.5,1454.5,1462,1462
2017/9/15,7202,1804900,1453,1478.5,1445.5,1469,1469
2017/9/19,7202,2863000,1480,1494.5,1477.5,1490.5,1490.5
2017/9/20,7202,998300,1523,1543.5,1518,1543,1543
2017/9/21,7202,2668300,1523,1543.5,1518,1536.5,1536.5
2017/9/22,7202,1646000,1533,1537.5,1515.5,1519.5,1519.5
2017/9/25,7202,1193300,1533,1541,1526.5,1534.5,1534.5
2017/9/26,7202,1772700,1534,1544,1524,1536,1536
2017/9/27,7202,4895300,1480,1491.5,1460.5,1485,1485
2017/9/28,7202,,,,,1514,1514
2017/9/29,7202,2296800,1509.5,1511,1488.5,1491,1491
2017/10/2,7202,1564600,1498,1504.5,1488.5,1492,1492
2017/10/3,7202,1796900,1492,1512,1488.5,1510,1510
2017/10/4,7202,1296600,1515,1517.5,1500,1504.5,1504.5
2017/10/5,7202,1177100,1497.5,1506.5,1495,1501.5,1501.5
2017/10/6,7202,1304800,1502.5,1510.5,1499.5,1509.5,1509.5
2017/10/10,7202,2800400,1503,1512,1498,1505.5,1505.5
2017/10/11,7202,2040500,1492.5,1505.5,1492.5,1495,1495
2017/10/12,7202,1723600,1502,1514.5,1501,1506.5,1506.5
2017/10/13,7202,2228000,1504.5,1527,1498.5,1519,1519
2017/10/16,7202,3003000,1533,1558.5,1520,1549,1549
2017/10/17,7202,1926500,1556.5,1559.5,1541,1552,1552
2017/10/18,7202,1561600,1550.5,1557,1537,1551.5,1551.5
2017/10/19,7202,2364400,1591.5,1592,1556,1568,1568
2017/10/20,7202,2116100,1552.5,1583,1550,1580.5,1580.5
2017/10/23,7202,2890600,1595,1612.5,1590.5,1609,1609
2017/10/24,7202,2294100,1607.5,1618,1605.5,1618,1618
2017/10/25,7202,,,,,1618.5,1618.5
2017/10/26,7202,1819800,1607,1621.5,1602,1621.5,1621.5
2017/10/27,7202,2658900,1634.5,1652.5,1629.5,1651.5,1651.5
2017/10/30,7202,2586700,1640,1640.5,1623.5,1636,1636
2017/10/31,7202,2353200,1630,1653.5,1626,1648.5,1648.5
2017/11/1,7202,1466.5,1655,1661,1647,1653,1653
2017/11/2,7202,2358300,1654,1671,1652.5,1669,1669
2017/11/6,7202,6362800,1765,1767,1696,1731,1731
2017/11/7,7202,4123500,1760,1777,1740,1771.5,1771.5
2017/11/8,7202,1827700,1771,1777,1760,1769,1769
2017/11/9,7202,3731800,1762.5,1798.5,1729.5,1754.5,1754.5
2017/11/10,7202,1995600,1728,1761,1726,1741.5,1741.5
2017/11/13,7202,1155500,1739.5,1757.5,1732.5,1733,1733
2017/11/14,7202,2115800,1743.5,1748,1729,1733.5,1733.5
2017/11/15,7202,2901200,1710.5,1720.5,1689.5,1692.5,1692.5
2017/11/16,7202,3338900,1680,1711,1666,1700.5,1700.5
2017/11/17,7202,2641000,1737,1746,1715,1720,1720
2017/11/20,7202,1812.7,1726,1739,1709,1716,1716
2017/11/21,7202,2236.2,1726,1756,1720,1747,1747
2017/11/22,7202,,1780,1792,1773,1781,1781
2017/11/24,7202,1730.6,1755,1783,1748,1779,1779
2017/11/27,7202,2542.2,1781,1782,1745,1759,1759
2017/11/28,7202,1812300,1765,1780,1755,1759.5,1759.5
2017/11/29,7202,1688000,1772,1773,1754,1763.5,1763.5
2017/11/30,7202,3939200,1778,1789.5,1767.5,1771,1771
2017/12/1,7202,1973400,1775.5,1781,1756.5,1763,1763
2017/12/4,7202,2312100,1767.5,1768,1728.5,1731.5,1731.5
2017/12/5,7202,1733500,1720,1752,1718,1747.5,1747.5
2017/12/6,7202,2808600,1740,1756.5,1722,1725.5,1725.5
2017/12/7,7202,1765300,1758.5,1769.5,1748,1751.5,1751.5
2017/12/8,7202,2837500,1712.5,1774.5,1712.5,1772,1772
2017/12/11,7202,782900,1780,1786.5,1765.5,1779,1779
2017/12/12,7202,1078100,1780.5,1794,1778.5,1789.5,1789.5
2017/12/13,7202,1091300,1786,1789.5,1765.5,1770,1770
2017/12/14,7202,1336000,1757,1776.5,1750,1774,1774
2017/12/15,7202,1388500,1764.5,1784,1754,1770,1770
2017/12/18,7202,2915100,1800,1843,1800,1841,1841
2017/12/19,7202,1700800,1832,1845.5,1831.5,1837.5,1837.5
2017/12/20,7202,2740700,1840,1882,1834.5,1880.5,1880.5
2017/12/21,7202,1897200,1865.5,1867,1837,1854,1854
2017/12/22,7202,2480200,1836,1854,1829,1852.5,1852.5
2017/12/25,7202,477400,1858,1865,1854,1861.5,1861.5
2017/12/26,7202,1525700,1862.5,1880,1858,1873,1873
2017/12/27,7202,1875200,1872.5,1904,1870,1900,1900
2017/12/28,7202,1274700,1899,1903,1879.5,1881,1881
2017/12/29,7202,1174.4,1885,1895,1881,1887,1887
2018/1/4,7202,2388500,1910.5,1932,1906.5,1932,1932
2018/1/5,7202,2068200,1940,1948,1930,1936.5,1936.5
2018/1/9,7202,2514800,1950,1959.5,1912.5,1927,1927
2018/1/10,7202,2054600,1918,1966,1914,1960.5,1960.5
2018/1/11,7202,2936900,1953,1988.5,1948.5,1986.5,1986.5
2018/1/12,7202,2303400,1992.5,2002.5,1980,1984,1984
2018/1/15,7202,1773100,1982.5,1988.5,1950.5,1955,1955
2018/1/16,7202,1497100,1946,1954.5,1933.5,1945,1945
2018/1/17,7202,2093600,1931.5,1959,1931,1952.5,1952.5
2018/1/18,7202,2933200,1975,1975,1910.5,1915.5,1915.5
2018/1/19,7202,2037900,1934.5,1936.5,1906.5,1925.5,1925.5
2018/1/22,7202,1602200,1938,1938,1912,1918,1918
2018/1/23,7202,2145200,1918.5,1931,1911.5,1927.5,1927.5
2018/1/24,7202,1346700,1914,1937,1910.5,1924,1924
2018/1/25,7202,2152.8,1896,1907,1879,1882,1882
2018/1/26,7202,2908100,1879,1892,1869,1871.5,1871.5
2018/1/29,7202,3957900,1845.5,1876.5,1839.5,1861,1861
2018/1/30,7202,3085600,1852,1872.5,1845.5,1866,1866
2018/1/31,7202,3525300,1869,1875,1838.5,1839,1839
2018/2/1,7202,2497200,1858.5,1914.5,1855.5,1900.5,1900.5
2018/2/2,7202,3034600,1871.5,1892,1848.5,1882,1882
2018/2/5,7202,2322700,1850,1874.5,1843,1858,1858
2018/2/6,7202,3507800,1751.5,1766,1724.5,1760,1760
2018/2/7,7202,3538700,1795,1819.5,1763,1764,1764
2018/2/8,7202,4769400,1724,1756,1663,1743.5,1743.5
